SalesID,Date,PlantID,CustomerID,UnitsSold,Rate,DiscountPercent,PaymentTermsDays
S0001,11-03-2025,P001,C043,970,600,14,45
S0002,28-04-2025,P003,C022,549,600,6,30
S0003,15-06-2025,P001,C039,1135,600,4,45
S0004,22-06-2025,P001,C027,204,600,0,60
S0005,11-04-2025,P003,C006,1116,600,15,60
S0006,18-05-2025,P001,C043,866,600,2,45
S0007,01-04-2025,P002,C039,888,600,3,45
S0008,28-06-2025,P001,C008,596,600,5,45
S0009,24-04-2025,P001,C015,579,600,6,60
S0010,24-06-2025,P003,C023,220,600,8,30
S0011,26-02-2025,P001,C032,292,600,9,45
S0012,07-05-2025,P003,C046,237,600,8,60
S0013,20-02-2025,P003,C026,414,600,0,30
S0014,26-05-2025,P003,C032,1090,600,8,30
S0015,18-06-2025,P003,C037,765,600,6,60
S0016,17-01-2025,P003,C009,898,600,5,60
S0017,08-03-2025,P003,C015,266,600,4,60
S0018,19-02-2025,P003,C002,946,600,8,60
S0019,24-06-2025,P003,C030,894,600,8,30
S0020,14-06-2025,P003,C042,1160,600,13,30
S0021,21-04-2025,P002,C018,1074,600,10,30
S0022,07-05-2025,P002,C034,896,600,14,30
S0023,13-01-2025,P002,C027,1105,600,7,60
S0024,02-01-2025,P002,C013,659,600,10,45
S0025,27-02-2025,P003,C028,283,600,0,30
S0026,20-02-2025,P001,C022,1139,600,7,45
S0027,08-01-2025,P002,C028,264,600,3,30
S0028,06-03-2025,P001,C007,806,600,10,45
S0029,14-01-2025,P002,C034,444,600,10,30
S0030,03-06-2025,P003,C029,1166,600,2,30
S0031,29-05-2025,P001,C006,840,600,14,30
S0032,07-04-2025,P002,C045,1138,600,1,30
S0033,16-01-2025,P002,C004,1001,600,4,45
S0034,17-01-2025,P001,C044,825,600,13,30
S0035,17-03-2025,P002,C026,772,600,1,30
S0036,01-03-2025,P003,C043,832,600,13,60
S0037,09-04-2025,P002,C028,210,600,14,60
S0038,28-03-2025,P003,C044,834,600,3,30
S0039,31-05-2025,P001,C007,664,600,10,30
S0040,01-06-2025,P001,C037,212,600,2,30
S0041,01-04-2025,P002,C031,852,600,8,60
S0042,17-02-2025,P001,C009,835,600,14,30
S0043,21-03-2025,P003,C028,261,600,4,60
S0044,21-03-2025,P003,C035,1182,600,11,30
S0045,21-03-2025,P003,C022,350,600,15,45
S0046,13-05-2025,P003,C043,577,600,0,60
S0047,02-03-2025,P003,C036,348,600,1,30
S0048,20-02-2025,P001,C041,632,600,11,30
S0049,29-03-2025,P001,C043,1004,600,2,45
S0050,03-06-2025,P003,C022,911,600,14,60
S0051,07-06-2025,P002,C027,779,600,10,45
S0052,27-04-2025,P001,C032,366,600,3,30
S0053,13-06-2025,P001,C045,1142,600,0,30
S0054,03-03-2025,P002,C048,677,600,6,45
S0055,22-02-2025,P002,C012,1026,600,12,30
S0056,19-01-2025,P002,C002,571,600,0,60
S0057,16-03-2025,P002,C013,317,600,4,60
S0058,12-01-2025,P001,C013,799,600,11,30
S0059,26-02-2025,P002,C047,490,600,5,30
S0060,15-02-2025,P001,C002,547,600,7,30
S0061,26-01-2025,P001,C044,1063,600,8,30
S0062,28-03-2025,P001,C020,588,600,3,45
S0063,06-04-2025,P003,C011,445,600,11,60
S0064,17-01-2025,P001,C010,1200,600,13,30
S0065,19-02-2025,P003,C025,1013,600,6,60
S0066,03-06-2025,P002,C041,583,600,10,30
S0067,07-06-2025,P003,C013,1143,600,1,60
S0068,25-03-2025,P001,C004,501,600,4,60
S0069,02-02-2025,P003,C038,1014,600,8,45
S0070,01-05-2025,P003,C040,414,600,2,30
S0071,15-06-2025,P003,C024,371,600,12,45
S0072,15-02-2025,P002,C046,731,600,14,45
S0073,07-05-2025,P002,C018,738,600,15,60
S0074,23-02-2025,P001,C013,610,600,1,45
S0075,12-04-2025,P001,C020,1083,600,7,45
S0076,27-05-2025,P001,C024,1110,600,12,45
S0077,04-02-2025,P001,C019,763,600,2,45
S0078,28-02-2025,P003,C003,731,600,11,45
S0079,20-04-2025,P002,C030,724,600,10,45
S0080,08-05-2025,P002,C018,618,600,11,45
S0081,24-04-2025,P001,C017,225,600,5,60
S0082,22-01-2025,P002,C033,277,600,11,60
S0083,12-03-2025,P001,C007,759,600,2,30
S0084,10-01-2025,P003,C013,273,600,11,45
S0085,06-03-2025,P002,C048,401,600,10,60
S0086,18-02-2025,P003,C039,1065,600,8,30
S0087,03-01-2025,P002,C019,1075,600,8,45
S0088,14-04-2025,P003,C049,1001,600,12,60
S0089,17-06-2025,P003,C049,212,600,15,30
S0090,28-02-2025,P001,C047,1086,600,12,60
S0091,01-03-2025,P003,C038,414,600,15,60
S0092,29-04-2025,P002,C006,975,600,14,45
S0093,20-04-2025,P003,C027,1066,600,6,30
S0094,23-05-2025,P001,C024,649,600,14,30
S0095,20-03-2025,P003,C001,791,600,4,45
S0096,28-03-2025,P001,C027,1029,600,11,45
S0097,26-06-2025,P003,C020,902,600,12,45
S0098,26-05-2025,P001,C009,801,600,0,30
S0099,26-05-2025,P003,C039,1200,600,10,60
S0100,08-04-2025,P001,C026,787,600,12,30
S0101,18-02-2025,P002,C007,747,600,12,45
S0102,13-06-2025,P002,C006,783,600,14,30
S0103,09-01-2025,P003,C039,306,600,5,45
S0104,20-02-2025,P001,C025,227,600,5,45
S0105,16-03-2025,P003,C034,410,600,7,30
S0106,05-04-2025,P003,C001,665,600,1,30
S0107,11-04-2025,P001,C008,534,600,13,30
S0108,03-05-2025,P003,C005,749,600,13,45
S0109,03-02-2025,P001,C020,1178,600,6,45
S0110,10-02-2025,P003,C037,1037,600,15,45
S0111,09-05-2025,P003,C044,801,600,6,45
S0112,02-01-2025,P001,C029,482,600,6,30
S0113,04-06-2025,P001,C034,1044,600,12,45
S0114,28-04-2025,P002,C037,1132,600,15,30
S0115,15-03-2025,P003,C030,954,600,2,45
S0116,11-04-2025,P003,C012,917,600,9,45
S0117,08-06-2025,P003,C028,455,600,5,45
S0118,28-06-2025,P003,C007,593,600,5,45
S0119,03-03-2025,P001,C018,915,600,1,60
S0120,20-06-2025,P001,C045,750,600,9,60
S0121,07-05-2025,P002,C049,939,600,6,60
S0122,20-01-2025,P001,C033,324,600,11,45
S0123,12-02-2025,P002,C014,619,600,14,60
S0124,07-01-2025,P001,C041,245,600,14,60
S0125,08-04-2025,P002,C048,891,600,14,45
S0126,12-04-2025,P001,C001,1076,600,6,45
S0127,25-03-2025,P003,C048,317,600,4,45
S0128,18-01-2025,P001,C036,696,600,14,60
S0129,05-02-2025,P002,C018,448,600,14,30
S0130,05-06-2025,P001,C012,374,600,0,45
S0131,13-02-2025,P001,C043,327,600,12,30
S0132,09-02-2025,P002,C023,893,600,8,30
S0133,22-06-2025,P003,C014,421,600,1,45
S0134,12-06-2025,P003,C042,913,600,1,60
S0135,10-04-2025,P003,C020,933,600,3,45
S0136,13-01-2025,P002,C050,253,600,0,30
S0137,06-04-2025,P001,C013,1151,600,7,30
S0138,08-01-2025,P001,C022,216,600,13,30
S0139,26-02-2025,P001,C043,896,600,2,30
S0140,12-01-2025,P002,C033,941,600,5,30
S0141,24-03-2025,P003,C041,1035,600,10,30
S0142,19-05-2025,P002,C028,839,600,6,30
S0143,28-01-2025,P002,C021,437,600,6,30
S0144,17-06-2025,P002,C001,215,600,12,45
S0145,26-02-2025,P001,C043,417,600,14,45
S0146,12-01-2025,P001,C014,865,600,11,45
S0147,27-01-2025,P003,C035,508,600,15,60
S0148,25-01-2025,P003,C021,375,600,8,60
S0149,23-06-2025,P003,C009,913,600,12,45
S0150,20-06-2025,P002,C005,379,600,10,45
S0151,08-04-2025,P003,C041,218,600,14,60
S0152,01-03-2025,P001,C040,438,600,0,30
S0153,20-04-2025,P001,C040,516,600,7,30
S0154,06-04-2025,P002,C019,261,600,4,30
S0155,22-02-2025,P003,C003,355,600,12,30
S0156,26-03-2025,P001,C018,1145,600,14,45
S0157,14-05-2025,P002,C042,859,600,1,45
S0158,28-02-2025,P003,C022,968,600,0,45
S0159,19-05-2025,P001,C043,448,600,6,30
S0160,05-06-2025,P002,C034,1020,600,7,45
S0161,11-06-2025,P001,C005,387,600,14,45
S0162,14-01-2025,P003,C010,271,600,6,30
S0163,14-02-2025,P003,C036,328,600,2,30
S0164,20-04-2025,P003,C030,441,600,2,45
S0165,04-03-2025,P002,C012,368,600,6,60
S0166,15-03-2025,P003,C029,454,600,9,60
S0167,04-05-2025,P001,C024,406,600,8,45
S0168,01-05-2025,P002,C028,586,600,5,60
S0169,09-02-2025,P002,C002,824,600,13,45
S0170,18-03-2025,P003,C035,637,600,2,30
S0171,07-03-2025,P002,C030,766,600,5,45
S0172,07-04-2025,P003,C039,664,600,9,45
S0173,04-02-2025,P003,C031,273,600,10,30
S0174,02-01-2025,P001,C033,358,600,6,60
S0175,06-05-2025,P002,C027,942,600,11,45
S0176,09-04-2025,P002,C020,1193,600,11,60
S0177,15-04-2025,P001,C008,802,600,2,45
S0178,19-02-2025,P002,C017,1154,600,5,60
S0179,12-06-2025,P003,C024,556,600,15,60
S0180,19-04-2025,P003,C016,259,600,12,30
S0181,03-04-2025,P003,C046,689,600,1,60
S0182,08-03-2025,P003,C030,228,600,4,60
S0183,05-03-2025,P003,C038,350,600,8,60
S0184,04-01-2025,P001,C050,1061,600,5,30
S0185,12-04-2025,P003,C038,859,600,12,30
S0186,19-04-2025,P001,C028,730,600,6,45
S0187,09-05-2025,P003,C043,908,600,9,45
S0188,16-04-2025,P003,C006,800,600,9,30
S0189,06-02-2025,P002,C048,851,600,11,30
S0190,28-06-2025,P002,C001,1152,600,12,30
S0191,01-01-2025,P001,C005,1035,600,15,60
S0192,17-06-2025,P002,C047,627,600,13,45
S0193,06-04-2025,P001,C046,374,600,5,30
S0194,16-02-2025,P003,C008,402,600,15,45
S0195,17-02-2025,P001,C004,780,600,6,60
S0196,08-03-2025,P002,C029,387,600,6,60
S0197,12-06-2025,P001,C006,1134,600,3,45
S0198,01-02-2025,P002,C005,287,600,12,45
S0199,03-05-2025,P002,C044,230,600,7,30
S0200,10-03-2025,P001,C043,209,600,1,60
S0201,25-01-2025,P001,C034,1008,600,1,30
S0202,05-05-2025,P002,C049,584,600,8,45
S0203,28-03-2025,P002,C044,818,600,13,45
S0204,03-04-2025,P003,C026,522,600,7,45
S0205,02-04-2025,P002,C007,825,600,1,30
S0206,05-02-2025,P001,C039,667,600,12,30
S0207,29-06-2025,P001,C024,1089,600,8,45
S0208,12-05-2025,P002,C043,833,600,15,30
S0209,05-01-2025,P003,C024,203,600,10,30
S0210,23-06-2025,P002,C015,1192,600,10,60
S0211,06-06-2025,P001,C023,696,600,12,45
S0212,18-06-2025,P003,C007,1161,600,15,60
S0213,05-06-2025,P001,C046,594,600,9,30
S0214,02-02-2025,P002,C006,1090,600,1,45
S0215,13-02-2025,P002,C008,1052,600,14,45
S0216,04-03-2025,P001,C011,878,600,7,60
S0217,28-01-2025,P002,C046,916,600,2,30
S0218,09-04-2025,P002,C015,364,600,10,60
S0219,21-06-2025,P001,C043,463,600,15,30
S0220,24-01-2025,P003,C022,1144,600,15,30
S0221,14-06-2025,P002,C025,1154,600,2,60
S0222,17-06-2025,P003,C036,960,600,12,45
S0223,27-02-2025,P002,C008,1027,600,7,45
S0224,23-01-2025,P002,C048,289,600,3,60
S0225,30-01-2025,P003,C024,1159,600,6,30
S0226,08-04-2025,P003,C048,1073,600,10,30
S0227,01-06-2025,P003,C013,518,600,1,45
S0228,04-04-2025,P003,C009,633,600,10,60
S0229,28-01-2025,P002,C001,879,600,7,60
S0230,22-03-2025,P001,C019,1072,600,14,30
S0231,07-02-2025,P003,C019,711,600,14,30
S0232,03-06-2025,P002,C020,964,600,1,60
S0233,12-03-2025,P003,C037,905,600,3,45
S0234,07-05-2025,P002,C046,846,600,6,45
S0235,09-02-2025,P003,C014,260,600,10,60
S0236,29-06-2025,P003,C004,1156,600,7,30
S0237,11-04-2025,P002,C043,1077,600,15,30
S0238,28-03-2025,P002,C044,222,600,12,45
S0239,11-04-2025,P001,C034,556,600,12,60
S0240,28-06-2025,P001,C045,489,600,9,60
S0241,03-02-2025,P002,C049,603,600,3,60
S0242,19-03-2025,P002,C042,1086,600,1,30
S0243,24-04-2025,P003,C031,791,600,4,45
S0244,23-02-2025,P001,C048,1118,600,4,30
S0245,03-04-2025,P003,C037,952,600,0,30
S0246,07-04-2025,P002,C044,894,600,4,30
S0247,25-01-2025,P002,C031,1148,600,1,30
S0248,31-01-2025,P003,C042,1167,600,1,45
S0249,08-02-2025,P003,C047,807,600,13,45
S0250,31-01-2025,P001,C026,450,600,1,45
S0251,17-06-2025,P003,C025,509,600,5,60
S0252,29-04-2025,P003,C025,1014,600,2,45
S0253,05-04-2025,P001,C008,847,600,14,30
S0254,06-05-2025,P003,C043,284,600,3,60
S0255,31-05-2025,P003,C037,430,600,0,45
S0256,01-06-2025,P001,C025,480,600,3,45
S0257,18-03-2025,P003,C009,860,600,13,30
S0258,18-05-2025,P001,C026,533,600,2,60
S0259,23-05-2025,P003,C034,220,600,12,45
S0260,23-02-2025,P003,C008,265,600,3,30
S0261,02-01-2025,P003,C029,1082,600,5,45
S0262,02-02-2025,P003,C014,325,600,1,60
S0263,24-05-2025,P002,C049,365,600,2,30
S0264,10-05-2025,P002,C024,286,600,3,60
S0265,18-06-2025,P001,C016,375,600,13,45
S0266,18-06-2025,P003,C029,247,600,9,30
S0267,27-06-2025,P002,C034,790,600,15,45
S0268,26-06-2025,P001,C043,820,600,6,30
S0269,18-02-2025,P001,C020,442,600,1,30
S0270,04-06-2025,P003,C014,1180,600,4,60
S0271,02-02-2025,P003,C040,567,600,8,45
S0272,08-03-2025,P002,C042,276,600,8,30
S0273,22-01-2025,P002,C044,609,600,14,45
S0274,18-05-2025,P001,C005,1162,600,4,60
S0275,12-06-2025,P003,C042,950,600,8,30
S0276,25-05-2025,P003,C042,931,600,11,60
S0277,18-04-2025,P001,C021,819,600,5,45
S0278,04-06-2025,P001,C005,588,600,0,45
S0279,25-06-2025,P003,C027,327,600,3,30
S0280,03-04-2025,P002,C050,537,600,2,45
S0281,12-03-2025,P001,C007,349,600,7,45
S0282,07-04-2025,P001,C008,1192,600,7,30
S0283,31-05-2025,P002,C007,739,600,9,60
S0284,22-05-2025,P002,C039,557,600,9,30
S0285,13-02-2025,P002,C049,1118,600,1,45
S0286,23-06-2025,P003,C036,385,600,11,60
S0287,03-05-2025,P003,C009,1103,600,12,45
S0288,18-06-2025,P001,C010,209,600,4,45
S0289,14-01-2025,P003,C041,781,600,8,45
S0290,23-06-2025,P003,C027,924,600,7,60
S0291,23-04-2025,P002,C030,668,600,5,60
S0292,20-04-2025,P003,C046,493,600,8,30
S0293,20-03-2025,P002,C050,512,600,2,45
S0294,12-06-2025,P001,C005,1065,600,2,60
S0295,12-02-2025,P003,C004,445,600,2,30
S0296,22-05-2025,P002,C001,961,600,9,45
S0297,03-05-2025,P002,C033,893,600,4,60
S0298,14-04-2025,P001,C040,893,600,3,30
S0299,19-04-2025,P003,C035,1132,600,0,60
S0300,19-06-2025,P003,C044,553,600,7,60
S0301,13-02-2025,P003,C049,243,600,14,60
S0302,14-02-2025,P001,C024,1125,600,7,30
S0303,14-01-2025,P002,C032,726,600,11,45
S0304,29-01-2025,P002,C044,374,600,11,30
S0305,16-03-2025,P002,C031,1051,600,3,45
S0306,01-01-2025,P003,C041,471,600,6,60
S0307,20-03-2025,P003,C033,603,600,6,30
S0308,08-06-2025,P002,C004,1157,600,14,45
S0309,26-03-2025,P002,C023,206,600,14,30
S0310,17-02-2025,P002,C023,205,600,11,30
S0311,06-05-2025,P001,C006,303,600,13,60
S0312,16-04-2025,P001,C032,726,600,4,30
S0313,27-02-2025,P002,C026,359,600,8,45
S0314,20-04-2025,P001,C035,506,600,11,45
S0315,18-06-2025,P002,C011,311,600,14,30
S0316,02-01-2025,P002,C046,562,600,13,30
S0317,14-03-2025,P001,C009,313,600,6,45
S0318,09-01-2025,P001,C043,631,600,10,30
S0319,20-06-2025,P002,C008,1171,600,15,45
S0320,24-06-2025,P003,C009,700,600,15,45
S0321,09-05-2025,P003,C048,969,600,12,45
S0322,28-01-2025,P001,C009,334,600,3,30
S0323,25-06-2025,P001,C004,552,600,0,60
S0324,20-04-2025,P003,C048,1049,600,10,30
S0325,16-03-2025,P002,C032,644,600,15,30
S0326,05-03-2025,P003,C010,979,600,13,60
S0327,05-03-2025,P002,C050,723,600,5,30
S0328,29-06-2025,P001,C043,1084,600,8,45
S0329,27-01-2025,P003,C047,403,600,15,60
S0330,18-02-2025,P003,C041,825,600,5,60
S0331,31-01-2025,P001,C026,352,600,7,30
S0332,07-02-2025,P002,C002,480,600,6,60
S0333,14-01-2025,P002,C027,404,600,2,60
S0334,26-02-2025,P002,C028,513,600,7,45
S0335,14-06-2025,P001,C020,262,600,13,30
S0336,13-03-2025,P002,C046,475,600,11,45
S0337,13-01-2025,P001,C003,452,600,10,30
S0338,24-02-2025,P002,C031,253,600,10,45
S0339,21-04-2025,P001,C017,1130,600,3,45
S0340,19-03-2025,P001,C007,572,600,10,60
S0341,26-03-2025,P002,C048,213,600,4,45
S0342,02-03-2025,P003,C018,960,600,11,30
S0343,23-01-2025,P001,C009,798,600,12,60
S0344,11-01-2025,P003,C042,960,600,3,30
S0345,26-01-2025,P001,C035,397,600,14,60
S0346,02-05-2025,P001,C035,551,600,9,60
S0347,02-02-2025,P001,C027,357,600,1,60
S0348,24-05-2025,P002,C024,928,600,8,45
S0349,22-04-2025,P001,C031,844,600,3,45
S0350,12-02-2025,P003,C018,736,600,0,60
S0351,16-03-2025,P001,C037,1190,600,4,30
S0352,12-04-2025,P002,C044,1013,600,6,60
S0353,12-02-2025,P002,C049,1091,600,2,60
S0354,13-04-2025,P003,C018,593,600,12,30
S0355,10-02-2025,P003,C014,388,600,0,60
S0356,12-05-2025,P002,C033,913,600,0,60
S0357,19-03-2025,P001,C019,937,600,8,60
S0358,13-02-2025,P001,C003,474,600,3,60
S0359,11-01-2025,P003,C010,443,600,9,45
S0360,11-03-2025,P001,C042,1149,600,4,30
S0361,17-05-2025,P001,C001,1043,600,6,60
S0362,25-03-2025,P001,C046,555,600,11,60
S0363,15-04-2025,P003,C019,470,600,4,45
S0364,02-04-2025,P001,C047,258,600,0,45
S0365,05-01-2025,P003,C043,380,600,8,60
S0366,17-06-2025,P002,C041,308,600,12,60
S0367,24-04-2025,P001,C021,818,600,6,45
S0368,09-02-2025,P002,C015,408,600,12,60
S0369,05-04-2025,P001,C031,943,600,13,30
S0370,28-04-2025,P001,C012,707,600,5,30
S0371,16-02-2025,P003,C019,783,600,15,30
S0372,15-02-2025,P002,C044,517,600,5,60
S0373,06-02-2025,P001,C028,392,600,2,30
S0374,26-01-2025,P003,C034,665,600,12,30
S0375,04-06-2025,P001,C025,944,600,0,45
S0376,04-01-2025,P003,C003,221,600,3,30
S0377,10-03-2025,P001,C041,454,600,2,60
S0378,28-01-2025,P003,C048,213,600,0,45
S0379,21-02-2025,P001,C031,1073,600,2,60
S0380,11-02-2025,P002,C022,1113,600,14,45
S0381,15-01-2025,P003,C045,358,600,7,45
S0382,06-01-2025,P001,C007,842,600,3,60
S0383,11-05-2025,P002,C010,503,600,3,30
S0384,07-01-2025,P001,C028,1134,600,7,45
S0385,17-06-2025,P002,C015,350,600,11,60
S0386,06-05-2025,P001,C008,593,600,3,30
S0387,02-04-2025,P001,C040,304,600,9,45
S0388,22-01-2025,P001,C039,321,600,11,30
S0389,16-05-2025,P002,C039,382,600,13,30
S0390,08-02-2025,P003,C044,895,600,13,45
S0391,31-03-2025,P001,C018,839,600,9,45
S0392,09-03-2025,P003,C005,877,600,11,30
S0393,17-06-2025,P001,C021,1082,600,4,30
S0394,03-05-2025,P001,C008,599,600,14,60
S0395,07-02-2025,P001,C021,637,600,8,30
S0396,01-04-2025,P002,C032,386,600,12,45
S0397,04-06-2025,P003,C022,692,600,13,30
S0398,09-04-2025,P002,C036,1021,600,7,45
S0399,17-05-2025,P003,C015,751,600,15,45
S0400,15-05-2025,P003,C050,285,600,13,60
S0401,29-06-2025,P001,C016,1030,600,7,45
S0402,05-01-2025,P002,C036,202,600,6,45
S0403,29-01-2025,P001,C023,1180,600,4,45
S0404,17-03-2025,P002,C010,1069,600,4,60
S0405,04-03-2025,P001,C015,1195,600,13,30
S0406,31-01-2025,P003,C046,964,600,4,30
S0407,28-06-2025,P002,C024,586,600,0,30
S0408,19-06-2025,P003,C005,918,600,3,45
S0409,08-01-2025,P001,C024,1057,600,5,30
S0410,20-01-2025,P001,C037,280,600,7,45
S0411,01-05-2025,P003,C009,353,600,5,60
S0412,01-05-2025,P002,C047,740,600,9,45
S0413,15-03-2025,P001,C010,654,600,0,30
S0414,04-06-2025,P001,C033,1102,600,1,30
S0415,19-04-2025,P003,C030,211,600,12,60
S0416,27-05-2025,P003,C020,928,600,8,60
S0417,10-02-2025,P002,C006,432,600,13,60
S0418,24-02-2025,P002,C040,586,600,4,30
S0419,17-02-2025,P003,C036,424,600,12,60
S0420,27-06-2025,P002,C031,1061,600,2,45
S0421,08-04-2025,P001,C004,868,600,12,45
S0422,19-02-2025,P002,C007,862,600,13,30
S0423,04-06-2025,P002,C002,279,600,11,30
S0424,19-05-2025,P001,C005,488,600,5,30
S0425,21-03-2025,P001,C036,811,600,0,30
S0426,03-03-2025,P002,C006,853,600,1,60
S0427,25-05-2025,P002,C003,778,600,1,30
S0428,21-03-2025,P001,C023,522,600,2,45
S0429,09-05-2025,P001,C021,1181,600,12,45
S0430,03-02-2025,P003,C044,943,600,11,30
S0431,09-05-2025,P001,C033,539,600,13,30
S0432,03-05-2025,P003,C003,224,600,12,45
S0433,24-06-2025,P002,C006,365,600,4,60
S0434,25-02-2025,P003,C042,295,600,7,30
S0435,09-05-2025,P003,C047,987,600,5,60
S0436,25-04-2025,P001,C022,867,600,10,45
S0437,11-01-2025,P003,C050,568,600,13,60
S0438,23-02-2025,P003,C039,596,600,7,30
S0439,26-05-2025,P003,C032,1181,600,4,30
S0440,06-02-2025,P002,C036,1024,600,0,30
S0441,27-04-2025,P002,C011,710,600,3,45
S0442,13-03-2025,P003,C024,365,600,2,45
S0443,15-02-2025,P003,C050,291,600,2,45
S0444,07-03-2025,P002,C042,464,600,15,30
S0445,26-05-2025,P002,C003,1162,600,3,45
S0446,13-04-2025,P002,C040,1079,600,9,60
S0447,04-04-2025,P003,C040,332,600,14,45
S0448,24-06-2025,P002,C033,582,600,2,45
S0449,08-06-2025,P003,C004,469,600,1,60
S0450,29-06-2025,P003,C001,1009,600,7,30
S0451,16-03-2025,P002,C011,1073,600,3,60
S0452,27-02-2025,P002,C030,608,600,2,60
S0453,30-04-2025,P002,C042,295,600,11,60
S0454,28-01-2025,P001,C012,1121,600,14,60
S0455,21-04-2025,P001,C026,310,600,12,45
S0456,29-03-2025,P003,C032,266,600,10,30
S0457,30-01-2025,P002,C030,919,600,15,30
S0458,01-05-2025,P001,C041,758,600,4,30
S0459,03-06-2025,P002,C004,527,600,1,45
S0460,02-05-2025,P001,C004,1008,600,13,30
S0461,25-06-2025,P002,C018,1088,600,0,45
S0462,22-01-2025,P001,C005,850,600,5,45
S0463,18-03-2025,P003,C029,614,600,2,45
S0464,21-06-2025,P002,C012,737,600,6,30
S0465,29-03-2025,P002,C011,294,600,13,30
S0466,04-05-2025,P002,C035,557,600,13,60
S0467,28-06-2025,P002,C023,1002,600,5,60
S0468,03-01-2025,P003,C039,784,600,12,30
S0469,24-03-2025,P003,C047,279,600,4,60
S0470,04-01-2025,P001,C030,1045,600,10,30
S0471,30-01-2025,P003,C027,711,600,10,45
S0472,26-04-2025,P001,C041,733,600,0,45
S0473,10-01-2025,P001,C048,854,600,3,30
S0474,03-06-2025,P002,C014,630,600,5,45
S0475,23-06-2025,P003,C001,414,600,6,45
S0476,05-01-2025,P002,C020,1033,600,11,60
S0477,29-06-2025,P002,C042,1038,600,3,45
S0478,01-04-2025,P002,C035,623,600,13,45
S0479,30-01-2025,P001,C030,735,600,10,45
S0480,22-05-2025,P003,C011,582,600,5,60
S0481,14-03-2025,P003,C045,646,600,12,60
S0482,29-06-2025,P003,C007,647,600,9,30
S0483,23-01-2025,P003,C002,1025,600,3,60
S0484,27-01-2025,P002,C048,1154,600,13,60
S0485,12-06-2025,P002,C033,1149,600,3,60
S0486,20-06-2025,P002,C027,1025,600,1,30
S0487,22-05-2025,P002,C008,428,600,14,30
S0488,01-02-2025,P002,C030,1076,600,15,45
S0489,02-01-2025,P002,C015,1129,600,12,60
S0490,18-06-2025,P002,C020,490,600,8,45
S0491,02-01-2025,P002,C003,889,600,7,30
S0492,06-04-2025,P003,C048,226,600,4,60
S0493,13-02-2025,P003,C028,525,600,10,30
S0494,19-02-2025,P003,C042,769,600,12,45
S0495,28-05-2025,P002,C009,1048,600,1,60
S0496,14-04-2025,P002,C034,599,600,5,30
S0497,26-01-2025,P003,C009,647,600,7,60
S0498,10-06-2025,P002,C036,321,600,12,30
S0499,22-02-2025,P001,C006,1171,600,10,30
S0500,10-06-2025,P003,C010,647,600,0,30
S0501,27-05-2025,P002,C002,832,600,2,60
S0502,27-04-2025,P003,C041,951,600,4,45
S0503,17-06-2025,P001,C020,391,600,7,30
S0504,07-04-2025,P002,C043,748,600,7,30
S0505,06-02-2025,P003,C002,481,600,2,60
S0506,29-01-2025,P002,C039,793,600,3,30
S0507,14-03-2025,P002,C012,309,600,4,30
S0508,03-04-2025,P001,C026,279,600,15,30
S0509,16-04-2025,P001,C032,702,600,0,60
S0510,25-06-2025,P002,C025,278,600,6,45
S0511,11-02-2025,P001,C020,848,600,14,30
S0512,18-06-2025,P003,C041,1125,600,5,60
S0513,31-01-2025,P002,C023,1075,600,1,45
S0514,10-02-2025,P003,C048,828,600,0,45
S0515,19-02-2025,P003,C002,1148,600,3,60
S0516,25-02-2025,P002,C008,223,600,4,30
S0517,05-02-2025,P001,C006,230,600,10,60
S0518,10-03-2025,P002,C031,908,600,4,30
S0519,31-03-2025,P003,C036,1176,600,2,60
S0520,07-05-2025,P002,C033,501,600,14,45
S0521,06-03-2025,P001,C013,1144,600,6,60
S0522,11-04-2025,P001,C038,1066,600,8,60
S0523,22-02-2025,P003,C032,519,600,5,45
S0524,19-04-2025,P003,C048,1104,600,14,45
S0525,09-06-2025,P001,C039,1035,600,10,45
S0526,26-05-2025,P002,C024,639,600,6,60
S0527,26-04-2025,P001,C003,1039,600,2,60
S0528,17-03-2025,P003,C042,459,600,13,60
S0529,08-01-2025,P001,C012,560,600,12,45
S0530,02-04-2025,P001,C005,639,600,5,30
S0531,06-04-2025,P001,C050,872,600,11,45
S0532,23-03-2025,P003,C001,325,600,0,60
S0533,30-04-2025,P003,C021,536,600,6,30
S0534,09-04-2025,P002,C039,775,600,2,30
S0535,27-01-2025,P003,C018,739,600,6,60
S0536,27-05-2025,P003,C027,822,600,2,60
S0537,23-03-2025,P002,C013,974,600,13,30
S0538,08-05-2025,P001,C018,250,600,15,45
S0539,26-04-2025,P001,C039,322,600,3,45
S0540,02-03-2025,P003,C002,805,600,12,45
S0541,29-04-2025,P002,C009,218,600,0,45
S0542,28-03-2025,P003,C002,237,600,1,30
S0543,17-04-2025,P003,C020,681,600,3,45
S0544,13-04-2025,P001,C036,524,600,11,45
S0545,11-04-2025,P002,C045,705,600,1,45
S0546,06-04-2025,P003,C007,705,600,3,30
S0547,03-01-2025,P001,C007,429,600,1,45
S0548,27-02-2025,P001,C006,1082,600,13,30
S0549,18-05-2025,P001,C045,941,600,11,30
S0550,29-01-2025,P001,C020,465,600,1,30
S0551,26-06-2025,P003,C025,470,600,10,45
S0552,05-02-2025,P003,C030,915,600,5,30
S0553,07-02-2025,P003,C027,329,600,10,60
S0554,14-05-2025,P003,C016,657,600,3,60
S0555,13-03-2025,P002,C050,689,600,15,60
S0556,24-01-2025,P002,C050,694,600,7,45
S0557,01-04-2025,P003,C016,928,600,2,60
S0558,27-06-2025,P001,C005,862,600,6,45
S0559,04-01-2025,P003,C014,261,600,6,45
S0560,18-02-2025,P002,C007,1038,600,12,45
S0561,21-03-2025,P003,C030,413,600,10,60
S0562,03-02-2025,P001,C024,357,600,3,45
S0563,08-06-2025,P003,C013,1198,600,14,45
S0564,13-03-2025,P002,C011,392,600,2,60
S0565,07-02-2025,P002,C007,514,600,3,60
S0566,05-01-2025,P002,C012,312,600,7,45
S0567,19-06-2025,P003,C029,229,600,15,45
S0568,21-05-2025,P001,C023,471,600,3,45
S0569,12-04-2025,P003,C028,417,600,4,60
S0570,23-04-2025,P002,C024,541,600,1,30
S0571,19-04-2025,P001,C019,250,600,12,30
S0572,02-06-2025,P002,C034,612,600,5,60
S0573,28-01-2025,P003,C004,705,600,13,60
S0574,26-02-2025,P001,C004,454,600,3,30
S0575,03-03-2025,P001,C035,789,600,8,30
S0576,08-06-2025,P003,C046,482,600,7,45
S0577,26-01-2025,P001,C047,601,600,12,60
S0578,22-02-2025,P001,C014,474,600,15,45
S0579,02-06-2025,P002,C047,852,600,9,30
S0580,09-05-2025,P003,C040,296,600,5,45
S0581,26-06-2025,P001,C011,956,600,9,45
S0582,12-02-2025,P001,C022,897,600,2,45
S0583,20-06-2025,P002,C028,345,600,0,45
S0584,09-03-2025,P001,C011,221,600,5,60
S0585,02-06-2025,P002,C031,978,600,0,60
S0586,05-03-2025,P002,C008,201,600,15,30
S0587,26-05-2025,P003,C019,1038,600,0,30
S0588,07-02-2025,P001,C007,737,600,5,45
S0589,26-04-2025,P002,C048,1023,600,10,45
S0590,19-06-2025,P002,C017,758,600,8,45
S0591,01-04-2025,P002,C046,669,600,0,45
S0592,29-01-2025,P002,C044,1112,600,15,60
S0593,07-02-2025,P002,C015,945,600,0,60
S0594,08-05-2025,P001,C016,345,600,11,60
S0595,03-04-2025,P001,C048,958,600,13,30
S0596,13-06-2025,P001,C018,398,600,12,60
S0597,15-05-2025,P001,C017,895,600,14,60
S0598,11-04-2025,P003,C027,557,600,10,45
S0599,11-01-2025,P003,C034,516,600,6,60
S0600,21-04-2025,P002,C037,551,600,3,45
S0601,03-01-2025,P002,C044,495,600,3,30
S0602,14-05-2025,P002,C040,677,600,4,60
S0603,19-03-2025,P002,C019,880,600,5,30
S0604,04-01-2025,P002,C003,1018,600,9,30
S0605,14-01-2025,P002,C020,489,600,3,30
S0606,19-06-2025,P001,C004,640,600,11,45
S0607,14-03-2025,P003,C043,341,600,11,60
S0608,11-03-2025,P001,C047,358,600,2,30
S0609,16-03-2025,P001,C003,642,600,2,45
S0610,05-03-2025,P003,C041,1155,600,11,45
S0611,26-01-2025,P002,C020,632,600,12,60
S0612,25-05-2025,P002,C044,518,600,5,45
S0613,24-06-2025,P001,C017,1023,600,4,30
S0614,19-03-2025,P002,C006,626,600,6,45
S0615,20-05-2025,P001,C025,780,600,14,45
S0616,15-05-2025,P002,C045,298,600,4,45
S0617,30-04-2025,P002,C028,715,600,11,45
S0618,29-04-2025,P001,C036,630,600,13,30
S0619,23-01-2025,P001,C040,1180,600,13,45
S0620,29-05-2025,P003,C024,1005,600,7,30
S0621,14-01-2025,P002,C009,835,600,9,45
S0622,29-04-2025,P003,C030,886,600,0,30
S0623,11-03-2025,P003,C007,286,600,1,45
S0624,16-03-2025,P003,C031,808,600,3,60
S0625,01-02-2025,P003,C038,539,600,1,60
S0626,29-06-2025,P001,C034,723,600,1,30
S0627,04-02-2025,P001,C044,775,600,15,60
S0628,19-03-2025,P003,C020,1072,600,4,60
S0629,05-05-2025,P003,C045,1159,600,0,30
S0630,01-01-2025,P001,C039,317,600,2,30
S0631,05-03-2025,P001,C007,732,600,3,45
S0632,11-04-2025,P001,C008,225,600,14,45
S0633,17-02-2025,P001,C035,614,600,15,45
S0634,18-06-2025,P003,C008,1041,600,14,45
S0635,17-02-2025,P001,C048,349,600,0,60
S0636,11-05-2025,P003,C045,446,600,5,60
S0637,03-05-2025,P002,C019,405,600,15,60
S0638,05-04-2025,P003,C018,302,600,15,45
S0639,29-04-2025,P002,C028,595,600,3,30
S0640,28-04-2025,P001,C037,228,600,9,45
S0641,09-01-2025,P003,C042,211,600,9,60
S0642,11-01-2025,P002,C009,834,600,14,45
S0643,12-03-2025,P001,C011,1103,600,14,45
S0644,31-03-2025,P003,C034,712,600,6,45
S0645,14-02-2025,P003,C010,725,600,2,45
S0646,28-04-2025,P003,C009,871,600,10,45
S0647,11-04-2025,P001,C042,1003,600,9,45
S0648,05-06-2025,P003,C012,585,600,15,60
S0649,03-02-2025,P003,C021,925,600,8,60
S0650,30-05-2025,P003,C026,1178,600,11,30
S0651,10-02-2025,P001,C007,246,600,0,60
S0652,23-06-2025,P002,C021,308,600,15,30
S0653,27-01-2025,P001,C047,990,600,7,45
S0654,17-01-2025,P001,C040,973,600,13,45
S0655,19-01-2025,P002,C049,317,600,1,45
S0656,14-02-2025,P002,C007,821,600,0,60
S0657,04-02-2025,P003,C037,660,600,12,60
S0658,06-03-2025,P002,C029,404,600,6,60
S0659,21-02-2025,P003,C011,492,600,7,45
S0660,23-01-2025,P003,C002,1033,600,6,60
S0661,22-02-2025,P001,C009,1182,600,3,30
S0662,26-05-2025,P003,C005,568,600,13,45
S0663,18-02-2025,P001,C037,389,600,15,45
S0664,02-04-2025,P003,C036,712,600,11,30
S0665,23-04-2025,P002,C041,1020,600,2,45
S0666,26-05-2025,P001,C009,1094,600,2,60
S0667,31-01-2025,P002,C015,505,600,3,30
S0668,06-01-2025,P001,C019,815,600,10,45
S0669,18-01-2025,P001,C019,599,600,11,30
S0670,13-05-2025,P003,C033,747,600,7,45
S0671,20-05-2025,P003,C008,608,600,1,60
S0672,17-06-2025,P001,C003,682,600,8,45
S0673,21-02-2025,P002,C049,631,600,8,30
S0674,21-05-2025,P003,C022,342,600,6,60
S0675,02-03-2025,P002,C005,1134,600,1,60
S0676,30-03-2025,P001,C027,1126,600,1,60
S0677,22-05-2025,P002,C009,957,600,2,45
S0678,27-01-2025,P001,C032,940,600,1,60
S0679,21-04-2025,P002,C020,430,600,11,30
S0680,07-01-2025,P001,C035,221,600,1,60
S0681,24-06-2025,P003,C048,1080,600,12,30
S0682,14-01-2025,P002,C050,765,600,15,45
S0683,21-04-2025,P003,C028,912,600,4,60
S0684,23-04-2025,P001,C040,341,600,3,45
S0685,29-03-2025,P002,C004,560,600,6,30
S0686,31-05-2025,P001,C015,437,600,2,45
S0687,04-01-2025,P003,C016,965,600,1,30
S0688,02-02-2025,P002,C012,278,600,1,45
S0689,31-03-2025,P003,C042,244,600,10,30
S0690,05-06-2025,P002,C031,499,600,4,60
S0691,20-01-2025,P002,C035,325,600,2,30
S0692,26-02-2025,P002,C046,706,600,11,45
S0693,22-05-2025,P002,C042,1164,600,11,30
S0694,23-03-2025,P003,C035,739,600,8,60
S0695,30-03-2025,P002,C046,306,600,1,60
S0696,21-01-2025,P001,C009,697,600,8,60
S0697,22-05-2025,P001,C008,436,600,9,45
S0698,10-01-2025,P001,C045,942,600,4,45
S0699,30-01-2025,P001,C032,865,600,14,30
S0700,31-05-2025,P002,C020,476,600,8,30
S0701,06-06-2025,P002,C032,261,600,8,30
S0702,09-04-2025,P002,C003,1083,600,12,30
S0703,17-02-2025,P003,C028,410,600,12,60
S0704,09-01-2025,P003,C049,253,600,9,45
S0705,05-06-2025,P002,C017,1159,600,0,60
S0706,29-03-2025,P003,C040,421,600,0,45
S0707,15-01-2025,P001,C036,1086,600,13,45
S0708,17-05-2025,P002,C028,1175,600,9,60
S0709,11-02-2025,P002,C030,936,600,8,60
S0710,03-02-2025,P001,C018,1146,600,7,60
S0711,22-01-2025,P001,C050,1173,600,8,60
S0712,27-05-2025,P002,C003,502,600,10,60
S0713,10-03-2025,P003,C017,480,600,11,60
S0714,01-02-2025,P002,C037,1029,600,0,60
S0715,15-02-2025,P002,C030,528,600,8,30
S0716,30-04-2025,P001,C023,650,600,0,45
S0717,15-04-2025,P001,C038,853,600,6,30
S0718,17-01-2025,P002,C012,483,600,10,45
S0719,08-03-2025,P002,C009,984,600,8,30
S0720,07-02-2025,P003,C042,845,600,5,30
S0721,17-06-2025,P001,C012,438,600,3,60
S0722,29-05-2025,P002,C003,718,600,14,60
S0723,16-01-2025,P003,C017,934,600,7,45
S0724,19-05-2025,P003,C003,216,600,11,60
S0725,28-01-2025,P001,C033,440,600,11,45
S0726,02-03-2025,P001,C021,315,600,2,60
S0727,19-01-2025,P003,C028,580,600,13,45
S0728,25-03-2025,P003,C024,346,600,0,45
S0729,16-06-2025,P002,C031,1198,600,13,45
S0730,11-02-2025,P002,C003,836,600,0,45
S0731,01-06-2025,P001,C007,1152,600,4,60
S0732,11-05-2025,P003,C050,416,600,10,60
S0733,25-02-2025,P002,C038,720,600,11,30
S0734,08-04-2025,P003,C006,872,600,4,30
S0735,25-05-2025,P003,C037,1181,600,7,60
S0736,18-05-2025,P003,C008,761,600,13,60
S0737,05-06-2025,P002,C043,1017,600,1,60
S0738,23-03-2025,P002,C013,732,600,14,60
S0739,26-03-2025,P001,C050,500,600,7,45
S0740,22-03-2025,P003,C008,436,600,14,60
S0741,15-04-2025,P002,C006,446,600,14,45
S0742,03-04-2025,P003,C031,773,600,2,60
S0743,18-04-2025,P001,C037,435,600,14,30
S0744,15-04-2025,P003,C038,1147,600,7,60
S0745,15-03-2025,P002,C021,341,600,8,30
S0746,18-04-2025,P003,C010,283,600,13,60
S0747,16-02-2025,P002,C001,706,600,6,30
S0748,09-03-2025,P003,C046,323,600,13,45
S0749,02-02-2025,P001,C028,960,600,3,30
S0750,19-01-2025,P001,C033,906,600,5,60
S0751,19-04-2025,P002,C009,1140,600,12,45
S0752,17-03-2025,P001,C022,913,600,7,45
S0753,12-01-2025,P001,C048,805,600,3,45
S0754,15-04-2025,P003,C029,1172,600,14,60
S0755,16-03-2025,P002,C045,1054,600,13,30
S0756,31-05-2025,P003,C006,951,600,5,30
S0757,01-06-2025,P003,C024,1117,600,0,60
S0758,08-04-2025,P002,C029,864,600,14,30
S0759,25-01-2025,P001,C020,720,600,8,45
S0760,25-05-2025,P003,C034,549,600,1,60
S0761,15-03-2025,P002,C025,720,600,13,45
S0762,06-02-2025,P001,C048,975,600,5,60
S0763,13-05-2025,P002,C037,415,600,13,60
S0764,30-03-2025,P002,C011,521,600,3,30
S0765,05-05-2025,P002,C015,494,600,8,30
S0766,05-06-2025,P001,C015,495,600,8,60
S0767,25-01-2025,P001,C036,485,600,4,60
S0768,08-01-2025,P003,C003,972,600,5,60
S0769,02-01-2025,P002,C002,750,600,6,45
S0770,27-05-2025,P002,C047,408,600,9,45
S0771,27-04-2025,P002,C008,733,600,4,60
S0772,24-04-2025,P002,C032,923,600,3,45
S0773,13-03-2025,P003,C043,288,600,4,30
S0774,21-01-2025,P003,C015,1191,600,11,60
S0775,10-02-2025,P003,C022,276,600,10,45
S0776,26-06-2025,P002,C003,664,600,2,45
S0777,18-02-2025,P003,C043,302,600,10,60
S0778,04-03-2025,P001,C038,236,600,0,45
S0779,22-06-2025,P001,C017,1093,600,7,45
S0780,17-02-2025,P003,C032,355,600,15,45
S0781,12-06-2025,P001,C034,334,600,6,60
S0782,01-01-2025,P002,C005,967,600,6,45
S0783,15-02-2025,P001,C027,771,600,6,60
S0784,11-06-2025,P003,C016,469,600,12,60
S0785,16-05-2025,P003,C012,557,600,15,45
S0786,16-03-2025,P003,C032,1060,600,7,45
S0787,03-06-2025,P002,C035,1015,600,12,45
S0788,26-02-2025,P001,C049,502,600,3,45
S0789,25-03-2025,P001,C043,629,600,14,45
S0790,29-04-2025,P002,C043,318,600,5,30
S0791,02-02-2025,P002,C032,555,600,12,60
S0792,08-01-2025,P002,C018,621,600,7,60
S0793,16-01-2025,P003,C050,420,600,13,45
S0794,16-04-2025,P002,C029,467,600,10,45
S0795,14-01-2025,P002,C032,608,600,8,60
S0796,12-06-2025,P001,C020,424,600,10,45
S0797,27-05-2025,P001,C035,619,600,7,30
S0798,07-06-2025,P003,C022,998,600,3,30
S0799,06-01-2025,P002,C006,819,600,0,60
S0800,22-05-2025,P001,C042,541,600,11,30
S0801,03-04-2025,P003,C013,731,600,6,30
S0802,28-02-2025,P002,C011,1058,600,12,45
S0803,25-02-2025,P003,C047,539,600,13,30
S0804,10-01-2025,P001,C049,1162,600,0,60
S0805,05-05-2025,P001,C011,304,600,12,45
S0806,28-02-2025,P003,C050,508,600,0,60
S0807,11-03-2025,P003,C008,453,600,1,45
S0808,03-02-2025,P003,C018,871,600,12,30
S0809,10-05-2025,P003,C046,278,600,2,60
S0810,04-01-2025,P003,C035,625,600,0,60
S0811,25-01-2025,P003,C038,1141,600,4,45
S0812,24-03-2025,P002,C033,398,600,9,60
S0813,12-03-2025,P002,C013,223,600,9,30
S0814,07-04-2025,P002,C028,470,600,15,30
S0815,24-05-2025,P002,C031,427,600,13,45
S0816,08-04-2025,P001,C032,1129,600,7,60
S0817,20-05-2025,P003,C007,603,600,11,45
S0818,12-04-2025,P001,C029,429,600,0,45
S0819,14-06-2025,P002,C022,688,600,3,30
S0820,25-01-2025,P003,C011,1029,600,2,30
S0821,01-06-2025,P001,C006,1085,600,15,30
S0822,14-05-2025,P003,C037,612,600,15,30
S0823,06-03-2025,P002,C020,260,600,15,60
S0824,10-01-2025,P002,C045,545,600,4,60
S0825,02-01-2025,P002,C045,813,600,13,30
S0826,20-05-2025,P002,C021,973,600,15,60
S0827,29-04-2025,P003,C031,441,600,10,60
S0828,27-01-2025,P002,C045,768,600,2,30
S0829,04-01-2025,P001,C034,584,600,4,60
S0830,20-02-2025,P002,C008,324,600,5,30
S0831,07-05-2025,P001,C041,1106,600,13,60
S0832,21-05-2025,P002,C026,698,600,4,30
S0833,22-04-2025,P002,C047,503,600,3,60
S0834,07-06-2025,P002,C037,477,600,10,60
S0835,16-03-2025,P003,C044,369,600,4,30
S0836,13-05-2025,P003,C017,1022,600,11,45
S0837,26-03-2025,P003,C047,673,600,6,30
S0838,03-01-2025,P002,C027,368,600,15,30
S0839,18-01-2025,P001,C020,353,600,15,60
S0840,27-06-2025,P001,C035,392,600,6,45
S0841,16-01-2025,P003,C030,538,600,3,60
S0842,31-03-2025,P003,C036,360,600,2,30
S0843,19-02-2025,P002,C019,553,600,0,45
S0844,05-04-2025,P003,C050,798,600,9,45
S0845,24-05-2025,P003,C042,1156,600,8,60
S0846,01-06-2025,P001,C007,407,600,2,60
S0847,15-02-2025,P002,C037,421,600,8,30
S0848,26-03-2025,P003,C050,329,600,12,60
S0849,07-06-2025,P003,C031,819,600,8,30
S0850,01-03-2025,P001,C006,372,600,0,60
S0851,12-02-2025,P002,C001,350,600,4,45
S0852,05-02-2025,P003,C029,279,600,1,45
S0853,25-03-2025,P002,C033,880,600,15,30
S0854,07-04-2025,P002,C046,446,600,12,45
S0855,14-05-2025,P002,C034,563,600,9,30
S0856,12-02-2025,P003,C018,1104,600,6,60
S0857,24-05-2025,P002,C032,346,600,13,60
S0858,25-06-2025,P001,C036,1007,600,8,45
S0859,15-02-2025,P001,C024,867,600,11,45
S0860,19-04-2025,P001,C040,989,600,11,60
S0861,08-04-2025,P002,C012,1097,600,6,60
S0862,24-04-2025,P002,C034,210,600,6,30
S0863,26-03-2025,P001,C024,205,600,9,45
S0864,05-06-2025,P002,C003,714,600,0,60
S0865,12-04-2025,P001,C045,481,600,15,60
S0866,10-06-2025,P001,C037,459,600,8,30
S0867,05-06-2025,P003,C030,1083,600,15,45
S0868,15-06-2025,P003,C007,377,600,15,30
S0869,06-06-2025,P003,C010,578,600,0,60
S0870,03-02-2025,P001,C027,953,600,5,30
S0871,13-06-2025,P003,C004,257,600,14,45
S0872,19-02-2025,P003,C040,299,600,8,60
S0873,22-06-2025,P002,C046,217,600,10,30
S0874,13-05-2025,P001,C043,1127,600,11,45
S0875,17-01-2025,P001,C049,626,600,1,60
S0876,22-01-2025,P001,C029,351,600,8,30
S0877,26-06-2025,P003,C027,482,600,6,30
S0878,21-03-2025,P002,C036,850,600,0,45
S0879,30-04-2025,P003,C045,320,600,10,30
S0880,23-01-2025,P001,C006,779,600,14,30
S0881,17-02-2025,P002,C038,947,600,2,60
S0882,13-02-2025,P001,C014,1188,600,0,60
S0883,21-01-2025,P003,C016,583,600,14,45
S0884,03-02-2025,P002,C004,1057,600,6,45
S0885,15-02-2025,P002,C009,922,600,9,60
S0886,27-02-2025,P001,C018,523,600,13,30
S0887,08-03-2025,P003,C029,381,600,9,45
S0888,01-04-2025,P003,C024,294,600,15,45
S0889,11-06-2025,P003,C011,990,600,14,30
S0890,09-02-2025,P003,C037,1172,600,12,30
S0891,30-03-2025,P003,C044,919,600,13,45
S0892,29-06-2025,P003,C036,412,600,10,60
S0893,24-01-2025,P003,C050,1013,600,8,30
S0894,30-04-2025,P002,C003,464,600,6,30
S0895,02-05-2025,P001,C030,729,600,5,60
S0896,25-05-2025,P002,C043,530,600,11,60
S0897,24-03-2025,P003,C007,1122,600,1,60
S0898,10-02-2025,P002,C031,567,600,0,45
S0899,17-02-2025,P002,C020,544,600,3,30
S0900,06-01-2025,P002,C040,678,600,5,45
S0901,13-04-2025,P002,C016,807,600,13,45
S0902,03-06-2025,P002,C031,940,600,11,60
S0903,11-01-2025,P001,C049,610,600,9,60
S0904,20-04-2025,P002,C037,310,600,13,45
S0905,11-02-2025,P003,C011,807,600,0,45
S0906,26-05-2025,P001,C009,1107,600,6,60
S0907,24-01-2025,P002,C050,541,600,1,30
S0908,28-04-2025,P002,C011,1020,600,11,45
S0909,21-02-2025,P001,C020,200,600,4,45
S0910,02-03-2025,P001,C028,282,600,5,30
S0911,09-02-2025,P003,C036,941,600,7,45
S0912,10-02-2025,P002,C007,205,600,15,45
S0913,28-06-2025,P001,C031,763,600,12,60
S0914,04-03-2025,P001,C025,585,600,14,30
S0915,13-04-2025,P002,C019,525,600,4,60
S0916,02-06-2025,P002,C035,947,600,13,30
S0917,21-06-2025,P003,C038,555,600,15,30
S0918,02-03-2025,P002,C024,427,600,5,45
S0919,06-06-2025,P003,C049,713,600,0,45
S0920,15-06-2025,P001,C009,1136,600,2,45
S0921,24-02-2025,P002,C028,392,600,1,30
S0922,17-06-2025,P001,C028,547,600,12,30
S0923,10-04-2025,P003,C031,491,600,9,30
S0924,15-02-2025,P001,C026,467,600,13,60
S0925,30-04-2025,P001,C023,729,600,3,60
S0926,17-06-2025,P002,C001,950,600,3,30
S0927,28-05-2025,P003,C025,526,600,4,60
S0928,05-05-2025,P003,C043,665,600,0,45
S0929,19-03-2025,P002,C017,632,600,1,60
S0930,04-06-2025,P002,C033,849,600,3,45
S0931,27-03-2025,P003,C024,999,600,15,30
S0932,19-04-2025,P003,C049,1004,600,5,45
S0933,08-02-2025,P001,C022,1091,600,2,60
S0934,20-02-2025,P003,C040,804,600,8,60
S0935,22-04-2025,P001,C030,1093,600,14,45
S0936,06-05-2025,P002,C024,240,600,3,30
S0937,06-03-2025,P002,C022,1110,600,11,60
S0938,19-05-2025,P002,C012,503,600,0,45
S0939,05-01-2025,P002,C021,565,600,13,45
S0940,02-06-2025,P001,C023,851,600,1,60
S0941,05-03-2025,P001,C006,237,600,12,60
S0942,07-02-2025,P003,C032,296,600,4,45
S0943,30-03-2025,P002,C045,1114,600,8,60
S0944,11-01-2025,P001,C021,449,600,14,45
S0945,05-06-2025,P003,C041,239,600,4,30
S0946,28-03-2025,P003,C048,591,600,2,45
S0947,06-01-2025,P001,C048,632,600,12,45
S0948,21-04-2025,P001,C013,938,600,2,60
S0949,07-06-2025,P003,C035,467,600,9,30
S0950,06-04-2025,P003,C031,910,600,1,30
S0951,12-03-2025,P003,C045,978,600,13,30
S0952,04-06-2025,P002,C012,483,600,1,60
S0953,02-01-2025,P002,C014,491,600,8,30
S0954,18-06-2025,P001,C018,1000,600,13,45
S0955,25-01-2025,P001,C015,673,600,10,30
S0956,26-02-2025,P001,C040,926,600,10,45
S0957,31-05-2025,P002,C041,945,600,14,60
S0958,02-05-2025,P003,C001,536,600,12,45
S0959,30-03-2025,P002,C010,548,600,10,45
S0960,23-02-2025,P003,C045,1074,600,15,30
S0961,07-03-2025,P002,C003,889,600,12,60
S0962,11-06-2025,P002,C036,1072,600,2,45
S0963,16-05-2025,P002,C020,285,600,6,45
S0964,26-04-2025,P003,C030,968,600,10,30
S0965,09-06-2025,P002,C037,359,600,5,45
S0966,14-03-2025,P003,C048,625,600,0,45
S0967,18-05-2025,P001,C025,440,600,12,60
S0968,25-01-2025,P002,C014,1171,600,3,30
S0969,15-02-2025,P001,C050,313,600,9,60
S0970,01-04-2025,P001,C027,610,600,13,60
S0971,03-04-2025,P003,C007,485,600,10,60
S0972,09-05-2025,P003,C035,1105,600,10,45
S0973,07-05-2025,P002,C019,430,600,12,45
S0974,13-04-2025,P002,C001,360,600,5,60
S0975,29-04-2025,P003,C012,1049,600,10,60
S0976,09-04-2025,P003,C042,1129,600,3,45
S0977,16-04-2025,P001,C041,1197,600,13,30
S0978,05-02-2025,P003,C040,833,600,7,60
S0979,06-01-2025,P002,C040,282,600,13,30
S0980,25-06-2025,P001,C024,370,600,15,30
S0981,22-05-2025,P003,C013,960,600,12,30
S0982,03-03-2025,P001,C031,668,600,11,60
S0983,24-03-2025,P001,C019,1143,600,6,30
S0984,22-02-2025,P003,C030,1115,600,0,45
S0985,03-03-2025,P001,C030,450,600,14,60
S0986,04-06-2025,P002,C011,856,600,3,30
S0987,02-01-2025,P003,C003,673,600,2,60
S0988,14-05-2025,P002,C025,893,600,13,30
S0989,08-03-2025,P003,C035,1001,600,13,30
S0990,23-04-2025,P002,C047,932,600,0,30
S0991,11-01-2025,P002,C026,499,600,12,60
S0992,20-04-2025,P001,C007,1149,600,14,30
S0993,29-05-2025,P001,C047,1067,600,8,30
S0994,18-06-2025,P002,C010,575,600,13,30
S0995,23-02-2025,P002,C007,1014,600,15,45
S0996,28-04-2025,P003,C032,857,600,2,30
S0997,29-03-2025,P002,C045,975,600,8,45
S0998,29-06-2025,P002,C037,538,600,14,45
S0999,05-02-2025,P001,C034,808,600,1,45
S1000,05-04-2025,P003,C024,226,600,7,60
