ProdID,Date,PlantID,PlannedQty,ActualQty,RejectedQty,MachineHours,LaborHours,Shift
PRD0001,12-03-2025,P003,914,908,94,111,177,A
PRD0002,20-05-2025,P003,904,731,94,91,228,A
PRD0003,10-05-2025,P001,895,840,29,83,170,C
PRD0004,26-02-2025,P003,1518,1379,53,137,191,A
PRD0005,13-03-2025,P001,1514,1406,43,99,175,B
PRD0006,02-04-2025,P001,894,797,12,124,187,A
PRD0007,07-04-2025,P003,1270,1133,15,90,195,C
PRD0008,19-02-2025,P003,1706,1614,73,88,131,C
PRD0009,01-03-2025,P001,1591,1517,10,92,217,B
PRD0010,05-04-2025,P002,1450,1357,20,125,173,C
PRD0011,19-01-2025,P002,1518,1344,82,101,182,A
PRD0012,26-06-2025,P002,1188,1119,81,108,203,A
PRD0013,13-04-2025,P001,1641,1633,40,114,136,A
PRD0014,24-02-2025,P003,1697,1514,40,143,221,C
PRD0015,05-03-2025,P002,946,879,17,148,187,C
PRD0016,03-04-2025,P003,1238,1089,51,108,155,C
PRD0017,29-01-2025,P002,893,700,6,99,160,C
PRD0018,08-04-2025,P002,1410,1394,49,139,184,C
PRD0019,24-06-2025,P001,1496,1312,14,148,188,C
PRD0020,10-02-2025,P002,914,839,55,138,120,C
PRD0021,15-02-2025,P003,1069,941,97,144,147,C
PRD0022,05-06-2025,P002,1661,1498,64,105,159,B
PRD0023,01-01-2025,P001,1352,1153,67,121,245,A
PRD0024,03-03-2025,P001,1751,1659,39,87,181,C
PRD0025,18-01-2025,P001,887,700,62,148,152,A
PRD0026,09-03-2025,P003,1286,1146,21,147,228,A
PRD0027,21-02-2025,P003,1573,1387,88,119,222,C
PRD0028,26-04-2025,P003,1182,1070,66,95,183,A
PRD0029,22-05-2025,P001,1146,1141,75,109,176,A
PRD0030,28-02-2025,P001,1524,1363,7,88,128,B
PRD0031,21-06-2025,P001,1326,1266,35,142,174,C
PRD0032,02-05-2025,P001,1540,1394,73,111,241,B
PRD0033,21-04-2025,P001,896,872,84,125,228,B
PRD0034,22-06-2025,P002,1684,1498,6,92,135,B
PRD0035,19-02-2025,P003,1147,1120,31,104,234,A
PRD0036,05-03-2025,P002,987,916,59,89,233,C
PRD0037,04-01-2025,P001,851,685,69,91,180,A
PRD0038,13-04-2025,P002,1297,1174,27,87,162,B
PRD0039,27-04-2025,P001,1199,1132,100,116,228,C
PRD0040,05-05-2025,P003,1602,1460,84,99,168,B
PRD0041,19-05-2025,P001,1791,1777,74,87,200,A
PRD0042,16-05-2025,P001,1398,1276,64,100,134,C
PRD0043,02-06-2025,P001,1671,1624,8,88,180,B
PRD0044,29-05-2025,P001,1764,1619,31,85,140,B
PRD0045,22-03-2025,P003,1397,1253,66,113,172,C
PRD0046,12-04-2025,P003,1121,1060,33,96,196,B
PRD0047,03-01-2025,P002,1751,1559,9,138,145,A
PRD0048,03-02-2025,P003,1018,889,33,124,137,A
PRD0049,20-05-2025,P002,1091,1051,56,118,122,C
PRD0050,04-02-2025,P003,1106,937,13,113,149,A
PRD0051,14-03-2025,P003,1366,1327,34,106,207,A
PRD0052,06-05-2025,P003,1449,1382,64,112,133,A
PRD0053,01-01-2025,P003,1233,1163,5,122,153,C
PRD0054,22-05-2025,P002,965,776,56,134,122,A
PRD0055,20-05-2025,P001,1767,1591,19,84,214,C
PRD0056,11-01-2025,P003,951,841,16,119,213,A
PRD0057,20-06-2025,P002,1015,841,31,93,210,C
PRD0058,09-02-2025,P002,1797,1639,95,110,161,A
PRD0059,27-03-2025,P002,825,780,94,132,183,B
PRD0060,08-04-2025,P001,1606,1427,13,84,240,A
PRD0061,20-03-2025,P001,1636,1519,44,109,177,A
PRD0062,13-03-2025,P003,997,895,42,88,191,B
PRD0063,18-05-2025,P003,1321,1219,86,122,127,A
PRD0064,10-01-2025,P002,982,834,33,93,231,B
PRD0065,05-06-2025,P003,1605,1525,55,145,149,B
PRD0066,22-04-2025,P003,994,929,5,80,170,B
PRD0067,09-06-2025,P002,871,701,42,120,151,C
PRD0068,15-04-2025,P002,1319,1240,85,121,223,C
PRD0069,18-04-2025,P002,1367,1335,24,128,164,C
PRD0070,01-01-2025,P003,1108,1005,70,118,193,A
PRD0071,17-06-2025,P002,1604,1456,77,121,239,B
PRD0072,02-05-2025,P002,1491,1437,65,101,141,B
PRD0073,27-03-2025,P003,1479,1317,79,91,180,C
PRD0074,07-01-2025,P002,1030,980,18,85,182,B
PRD0075,27-04-2025,P003,1670,1474,9,133,169,C
PRD0076,04-03-2025,P003,1193,1067,51,98,121,A
PRD0077,13-05-2025,P002,1024,979,89,139,132,C
PRD0078,04-02-2025,P001,1739,1708,58,139,201,B
PRD0079,20-04-2025,P003,1634,1450,64,150,234,A
PRD0080,08-03-2025,P003,1682,1561,57,111,190,C
PRD0081,23-04-2025,P002,1441,1380,35,89,193,A
PRD0082,21-01-2025,P002,1143,1062,69,97,158,A
PRD0083,24-02-2025,P002,1510,1471,90,88,226,B
PRD0084,16-01-2025,P002,1355,1236,53,106,227,B
PRD0085,28-05-2025,P003,1768,1590,2,128,242,A
PRD0086,18-04-2025,P002,1105,913,49,148,176,B
PRD0087,08-01-2025,P001,1079,968,62,129,206,C
PRD0088,12-02-2025,P003,1617,1514,92,139,152,C
PRD0089,25-05-2025,P003,827,727,75,83,141,C
PRD0090,13-01-2025,P002,938,820,23,113,217,B
PRD0091,08-04-2025,P001,1265,1182,43,115,227,B
PRD0092,19-05-2025,P001,1281,1277,95,86,209,A
PRD0093,11-01-2025,P003,870,671,83,83,183,A
PRD0094,02-02-2025,P001,1436,1397,30,140,149,C
PRD0095,05-04-2025,P001,1276,1097,32,101,149,A
PRD0096,21-03-2025,P002,910,762,3,128,221,C
PRD0097,10-06-2025,P001,877,726,88,111,146,C
PRD0098,31-01-2025,P002,1670,1495,76,85,208,C
PRD0099,10-05-2025,P002,1477,1383,8,123,123,B
PRD0100,12-06-2025,P002,908,798,46,138,159,B
PRD0101,11-03-2025,P001,1551,1418,83,148,243,B
PRD0102,10-03-2025,P002,1645,1458,75,121,182,A
PRD0103,29-04-2025,P002,1702,1587,31,128,206,A
PRD0104,05-05-2025,P002,1671,1588,23,107,210,B
PRD0105,12-03-2025,P002,1086,934,89,81,168,A
PRD0106,23-05-2025,P001,1537,1433,62,110,241,C
PRD0107,24-01-2025,P003,1302,1188,2,117,176,B
PRD0108,29-05-2025,P003,1049,971,84,127,241,C
PRD0109,21-05-2025,P003,1152,1044,95,122,210,C
PRD0110,01-03-2025,P002,1077,999,32,95,169,B
PRD0111,26-06-2025,P001,1560,1423,97,103,169,A
PRD0112,31-05-2025,P003,1295,1225,92,147,192,A
PRD0113,15-02-2025,P001,1103,1045,46,118,123,C
PRD0114,14-01-2025,P003,929,859,5,150,194,C
PRD0115,27-01-2025,P001,1453,1261,62,81,192,B
PRD0116,14-01-2025,P002,1251,1164,23,112,242,A
PRD0117,28-05-2025,P001,1210,1085,9,86,158,A
PRD0118,05-03-2025,P003,1771,1694,10,95,226,C
PRD0119,14-05-2025,P003,1609,1451,28,128,235,B
PRD0120,20-03-2025,P002,1680,1530,54,87,145,A
PRD0121,21-01-2025,P003,1016,949,84,100,181,A
PRD0122,15-04-2025,P003,876,836,0,137,240,B
PRD0123,14-03-2025,P001,1037,964,90,138,138,C
PRD0124,10-06-2025,P001,1746,1679,100,105,228,A
PRD0125,10-03-2025,P003,1030,865,19,98,138,A
PRD0126,26-05-2025,P001,1611,1533,76,116,232,A
PRD0127,14-04-2025,P002,1505,1428,89,114,248,C
PRD0128,11-01-2025,P002,1248,1228,76,135,202,C
PRD0129,22-06-2025,P002,826,803,29,82,188,C
PRD0130,01-05-2025,P001,1581,1388,22,146,233,B
PRD0131,06-05-2025,P001,1399,1288,81,91,240,B
PRD0132,27-01-2025,P002,1141,1059,85,100,204,B
PRD0133,13-04-2025,P003,1307,1234,84,150,129,B
PRD0134,30-01-2025,P001,1122,1058,41,131,120,C
PRD0135,18-02-2025,P003,1273,1168,6,146,212,C
PRD0136,14-01-2025,P002,1440,1327,97,106,188,C
PRD0137,28-06-2025,P001,1749,1676,56,142,151,A
PRD0138,10-02-2025,P003,1423,1362,90,119,123,C
PRD0139,29-04-2025,P002,895,838,14,95,159,B
PRD0140,11-03-2025,P003,1098,968,90,133,243,B
PRD0141,09-04-2025,P001,1267,1126,18,104,250,C
PRD0142,17-04-2025,P001,1684,1667,35,123,249,B
PRD0143,31-05-2025,P001,1089,904,38,142,158,B
PRD0144,22-05-2025,P003,1295,1207,42,149,216,B
PRD0145,03-03-2025,P002,1690,1642,89,129,179,B
PRD0146,08-04-2025,P001,1125,935,60,129,158,B
PRD0147,26-03-2025,P001,929,801,75,92,232,A
PRD0148,06-02-2025,P003,1732,1616,1,132,159,A
PRD0149,09-06-2025,P002,1600,1533,43,130,140,B
PRD0150,23-03-2025,P003,1679,1543,48,142,129,C
PRD0151,15-03-2025,P001,1040,879,87,109,143,B
PRD0152,26-01-2025,P001,1578,1416,90,136,162,C
PRD0153,25-03-2025,P002,1725,1718,5,87,195,B
PRD0154,16-05-2025,P002,1241,1204,31,132,166,A
PRD0155,08-06-2025,P001,880,724,48,110,247,C
PRD0156,07-03-2025,P001,1037,919,81,138,185,C
PRD0157,23-06-2025,P001,1720,1601,36,149,160,A
PRD0158,18-03-2025,P002,1767,1679,75,134,184,B
PRD0159,28-01-2025,P002,1003,905,61,110,217,C
PRD0160,17-03-2025,P002,1388,1313,89,82,221,B
PRD0161,13-01-2025,P001,1379,1204,99,143,193,A
PRD0162,12-06-2025,P003,1621,1531,28,104,184,C
PRD0163,05-02-2025,P003,1585,1417,87,92,130,B
PRD0164,03-02-2025,P002,834,686,46,91,195,B
PRD0165,03-02-2025,P003,1225,1181,25,149,213,C
PRD0166,07-03-2025,P003,1735,1666,21,141,195,C
PRD0167,20-01-2025,P002,1623,1594,59,98,177,C
PRD0168,04-04-2025,P003,1490,1389,71,91,221,A
PRD0169,05-04-2025,P002,1349,1318,58,113,217,C
PRD0170,01-05-2025,P002,910,738,29,83,203,C
PRD0171,29-04-2025,P001,1463,1447,81,118,224,A
PRD0172,07-05-2025,P001,846,837,38,94,144,A
PRD0173,05-04-2025,P003,938,839,58,149,227,C
PRD0174,17-06-2025,P003,1544,1505,53,92,245,C
PRD0175,26-06-2025,P002,1761,1690,4,127,175,B
PRD0176,26-01-2025,P002,1773,1713,46,127,211,A
PRD0177,27-04-2025,P002,1082,1034,15,91,174,C
PRD0178,27-03-2025,P003,1411,1406,6,111,152,C
PRD0179,23-02-2025,P001,870,675,70,107,179,B
PRD0180,12-03-2025,P001,1607,1455,0,98,153,C
PRD0181,19-06-2025,P002,1617,1573,14,83,153,A
PRD0182,24-03-2025,P002,1608,1548,75,82,164,B
PRD0183,15-05-2025,P001,929,740,53,94,136,B
PRD0184,01-06-2025,P002,1596,1504,65,93,235,C
PRD0185,18-06-2025,P001,1768,1611,5,146,197,B
PRD0186,03-05-2025,P003,1787,1780,7,131,229,C
PRD0187,19-01-2025,P001,1302,1120,56,90,202,C
PRD0188,09-06-2025,P001,867,835,35,150,203,B
PRD0189,10-05-2025,P003,1343,1268,58,135,145,C
PRD0190,22-05-2025,P001,1673,1506,83,107,230,B
PRD0191,13-04-2025,P001,1223,1137,58,133,144,B
PRD0192,06-04-2025,P002,1120,950,32,99,241,A
PRD0193,21-04-2025,P001,1651,1630,11,92,215,A
PRD0194,24-05-2025,P003,861,711,71,122,151,B
PRD0195,19-04-2025,P002,1694,1524,96,86,193,C
PRD0196,10-05-2025,P002,1160,1134,73,107,159,C
PRD0197,23-05-2025,P002,1029,1002,44,127,149,B
PRD0198,09-06-2025,P003,1031,922,71,83,188,A
PRD0199,21-03-2025,P001,1079,900,97,123,209,A
PRD0200,18-06-2025,P001,1690,1654,72,131,137,A
PRD0201,16-05-2025,P003,1448,1441,11,107,216,B
PRD0202,21-03-2025,P002,1149,1109,47,121,141,A
PRD0203,13-01-2025,P001,961,768,79,90,189,B
PRD0204,24-04-2025,P003,1234,1110,77,133,189,A
PRD0205,29-01-2025,P003,916,828,55,116,244,C
PRD0206,12-04-2025,P003,1115,1104,28,87,121,A
PRD0207,05-02-2025,P002,1768,1714,98,112,194,B
PRD0208,21-04-2025,P001,807,680,95,102,153,B
PRD0209,24-05-2025,P003,1520,1462,64,125,138,B
PRD0210,28-04-2025,P003,843,732,2,89,200,C
PRD0211,13-06-2025,P002,1387,1284,90,133,194,A
PRD0212,08-06-2025,P002,821,738,21,138,212,A
PRD0213,22-04-2025,P002,1664,1637,31,131,140,B
PRD0214,27-03-2025,P002,1563,1477,28,101,139,C
PRD0215,19-02-2025,P003,916,781,65,124,209,C
PRD0216,27-01-2025,P003,1634,1597,30,98,185,A
PRD0217,17-06-2025,P001,1416,1377,97,89,165,C
PRD0218,29-05-2025,P002,1275,1082,72,137,202,C
PRD0219,01-05-2025,P002,954,842,8,136,197,B
PRD0220,19-01-2025,P003,857,767,64,119,238,B
PRD0221,20-01-2025,P001,858,764,36,91,249,B
PRD0222,11-01-2025,P002,1394,1253,94,137,168,B
PRD0223,16-01-2025,P003,1287,1159,19,137,146,B
PRD0224,14-02-2025,P003,886,757,82,85,183,C
PRD0225,06-06-2025,P002,1249,1115,66,100,213,B
PRD0226,28-03-2025,P002,1196,1092,99,86,205,A
PRD0227,09-04-2025,P002,896,754,86,116,184,C
PRD0228,27-03-2025,P003,1787,1633,19,90,156,B
PRD0229,19-06-2025,P002,1790,1623,89,130,153,C
PRD0230,24-05-2025,P003,1760,1739,39,128,204,A
PRD0231,15-05-2025,P003,1519,1330,87,91,228,C
PRD0232,16-02-2025,P002,818,726,39,107,207,B
PRD0233,20-01-2025,P001,1031,996,19,117,145,C
PRD0234,10-01-2025,P003,1655,1466,67,123,153,C
PRD0235,27-06-2025,P002,957,916,23,101,232,A
PRD0236,02-03-2025,P002,1173,1000,92,136,192,C
PRD0237,21-03-2025,P002,1039,903,30,140,169,B
PRD0238,29-04-2025,P003,1769,1623,56,116,217,C
PRD0239,04-06-2025,P003,1228,1187,25,97,184,A
PRD0240,27-01-2025,P003,1292,1197,70,146,151,B
PRD0241,26-04-2025,P001,1581,1540,34,145,157,B
PRD0242,31-03-2025,P001,1769,1713,57,83,226,A
PRD0243,09-04-2025,P002,1314,1219,30,90,215,A
PRD0244,16-06-2025,P001,1126,1101,91,122,157,A
PRD0245,05-02-2025,P001,1093,973,89,140,234,C
PRD0246,07-03-2025,P001,1727,1707,2,107,158,C
PRD0247,29-01-2025,P003,1423,1288,54,116,180,B
PRD0248,13-06-2025,P001,848,787,53,138,136,A
PRD0249,11-06-2025,P002,1411,1274,2,145,181,C
PRD0250,07-06-2025,P001,1098,989,0,125,181,C
PRD0251,22-01-2025,P002,991,821,85,147,212,A
PRD0252,10-05-2025,P003,1357,1228,100,150,125,B
PRD0253,06-04-2025,P002,844,682,49,112,124,B
PRD0254,18-06-2025,P001,1153,1092,93,93,205,A
PRD0255,14-06-2025,P001,1160,1021,43,102,238,C
PRD0256,17-01-2025,P002,1446,1400,17,138,129,B
PRD0257,22-03-2025,P001,844,793,5,119,221,C
PRD0258,15-06-2025,P002,1059,1050,96,104,193,B
PRD0259,11-03-2025,P001,1686,1519,42,95,214,B
PRD0260,28-03-2025,P002,1561,1449,49,103,247,C
PRD0261,22-01-2025,P002,1176,1044,34,134,140,B
PRD0262,17-03-2025,P003,1642,1596,69,121,146,A
PRD0263,25-04-2025,P002,1476,1401,39,134,162,C
PRD0264,01-04-2025,P002,1159,1045,5,135,190,C
PRD0265,14-04-2025,P001,876,705,81,126,160,A
PRD0266,23-04-2025,P001,1669,1514,86,84,152,A
PRD0267,03-04-2025,P001,1597,1432,46,129,128,C
PRD0268,06-04-2025,P001,1495,1380,47,136,139,C
PRD0269,22-03-2025,P001,1342,1249,50,115,183,A
PRD0270,13-05-2025,P001,1553,1506,63,129,150,B
PRD0271,06-06-2025,P002,1520,1406,27,116,245,A
PRD0272,14-02-2025,P001,938,920,57,136,142,C
PRD0273,17-01-2025,P002,1483,1395,90,150,194,B
PRD0274,13-06-2025,P001,1528,1347,89,102,212,C
PRD0275,02-03-2025,P001,924,873,17,143,126,B
PRD0276,22-05-2025,P003,1386,1292,59,96,142,A
PRD0277,03-05-2025,P002,1207,1024,92,147,225,B
PRD0278,14-06-2025,P003,875,843,40,89,235,B
PRD0279,22-05-2025,P003,1329,1241,16,103,153,B
PRD0280,13-05-2025,P003,1732,1718,15,99,197,A
PRD0281,30-03-2025,P001,1130,949,28,146,192,A
PRD0282,12-03-2025,P002,1001,839,70,96,197,C
PRD0283,13-02-2025,P003,895,767,82,99,163,C
PRD0284,25-05-2025,P003,1537,1383,43,85,127,A
PRD0285,28-05-2025,P001,1771,1607,98,113,173,C
PRD0286,08-05-2025,P002,1432,1269,3,149,194,C
PRD0287,14-04-2025,P002,1294,1232,87,118,236,A
PRD0288,17-04-2025,P003,861,821,56,141,238,A
PRD0289,23-03-2025,P002,1421,1385,40,124,222,A
PRD0290,23-03-2025,P002,1327,1184,13,110,239,A
PRD0291,25-01-2025,P002,1260,1197,18,86,194,B
PRD0292,25-03-2025,P003,1228,1165,20,120,168,A
PRD0293,20-03-2025,P002,1327,1208,63,143,125,A
PRD0294,25-02-2025,P002,1317,1200,30,125,132,A
PRD0295,22-06-2025,P002,1306,1154,83,140,193,C
PRD0296,04-02-2025,P001,1667,1640,55,113,213,B
PRD0297,26-05-2025,P002,846,744,6,104,212,C
PRD0298,26-04-2025,P002,875,777,64,150,191,C
PRD0299,25-01-2025,P003,1425,1395,16,130,215,B
PRD0300,06-02-2025,P003,1761,1668,96,105,250,B
PRD0301,05-02-2025,P003,841,830,4,122,241,C
PRD0302,05-02-2025,P002,952,797,65,121,201,A
PRD0303,01-06-2025,P002,1431,1242,38,123,249,C
PRD0304,18-03-2025,P003,1301,1120,72,140,124,B
PRD0305,30-05-2025,P002,1489,1461,53,119,126,C
PRD0306,29-05-2025,P002,1071,904,100,109,133,C
PRD0307,08-06-2025,P002,974,840,80,128,157,C
PRD0308,29-01-2025,P001,832,686,89,104,124,B
PRD0309,26-06-2025,P002,1228,1190,52,106,225,C
PRD0310,16-01-2025,P003,1742,1622,94,97,173,C
PRD0311,07-04-2025,P002,1478,1356,67,120,164,B
PRD0312,23-06-2025,P003,1150,1011,45,113,243,A
PRD0313,27-02-2025,P001,1085,943,38,118,193,C
PRD0314,23-03-2025,P001,1506,1326,62,141,209,C
PRD0315,27-05-2025,P003,1080,1007,15,149,217,B
PRD0316,16-03-2025,P002,1777,1580,18,85,193,C
PRD0317,07-03-2025,P001,1154,1041,83,141,174,A
PRD0318,11-03-2025,P003,1077,934,89,97,147,C
PRD0319,13-01-2025,P003,1400,1339,31,147,177,C
PRD0320,26-03-2025,P001,853,828,52,140,145,C
PRD0321,15-04-2025,P001,805,665,20,140,242,C
PRD0322,15-03-2025,P001,1574,1501,41,87,142,C
PRD0323,10-01-2025,P003,1037,901,94,102,226,A
PRD0324,07-05-2025,P001,1656,1555,100,103,194,A
PRD0325,28-01-2025,P001,1105,960,77,122,192,B
PRD0326,04-02-2025,P003,1356,1222,63,144,239,B
PRD0327,11-02-2025,P001,1628,1600,42,138,185,C
PRD0328,17-03-2025,P001,814,626,43,104,164,C
PRD0329,12-05-2025,P003,1718,1615,54,121,142,B
PRD0330,03-05-2025,P003,897,850,17,121,183,A
PRD0331,10-03-2025,P002,1192,1132,57,122,197,C
PRD0332,17-06-2025,P003,1386,1384,33,126,180,A
PRD0333,10-02-2025,P003,921,802,39,131,248,C
PRD0334,17-03-2025,P002,1506,1476,81,127,176,A
PRD0335,05-06-2025,P001,1289,1250,58,127,226,C
PRD0336,18-05-2025,P003,1734,1614,96,107,183,C
PRD0337,25-04-2025,P003,1694,1674,67,147,212,A
PRD0338,10-05-2025,P003,914,899,70,105,158,A
PRD0339,30-01-2025,P002,1674,1541,56,106,245,A
PRD0340,03-02-2025,P003,1256,1242,58,145,226,B
PRD0341,22-06-2025,P003,859,716,59,119,125,B
PRD0342,25-02-2025,P002,1636,1636,95,89,131,B
PRD0343,16-01-2025,P002,1517,1501,69,88,240,A
PRD0344,04-02-2025,P002,1218,1172,98,133,215,B
PRD0345,21-01-2025,P002,1690,1594,48,149,154,C
PRD0346,11-04-2025,P002,921,876,68,147,152,C
PRD0347,06-01-2025,P001,1654,1654,96,118,238,C
PRD0348,08-04-2025,P003,1357,1249,68,109,183,B
PRD0349,29-01-2025,P002,958,888,24,84,227,C
PRD0350,26-01-2025,P001,1046,994,8,84,234,C
PRD0351,12-01-2025,P003,1520,1508,31,131,232,A
PRD0352,15-01-2025,P003,1022,829,99,97,248,B
PRD0353,23-03-2025,P001,1635,1448,73,121,180,B
PRD0354,16-04-2025,P001,1476,1343,28,118,190,A
PRD0355,14-02-2025,P003,1771,1620,94,134,246,A
PRD0356,08-04-2025,P002,1764,1600,85,147,201,C
PRD0357,07-04-2025,P002,1218,1180,38,103,241,A
PRD0358,29-04-2025,P001,1107,926,18,87,225,B
PRD0359,04-03-2025,P003,1342,1308,49,112,172,B
PRD0360,24-01-2025,P003,880,765,47,148,168,A
PRD0361,04-06-2025,P002,1186,1014,77,85,138,A
PRD0362,25-02-2025,P003,1541,1370,71,141,173,B
PRD0363,18-02-2025,P002,1779,1776,27,95,242,A
PRD0364,12-04-2025,P003,1418,1238,26,110,202,B
PRD0365,02-04-2025,P002,1277,1141,83,119,186,B
PRD0366,26-01-2025,P003,1703,1576,59,140,201,A
PRD0367,25-05-2025,P002,1120,1015,5,108,157,A
PRD0368,17-04-2025,P002,1366,1217,74,117,159,A
PRD0369,04-03-2025,P002,1035,938,72,143,206,B
PRD0370,06-05-2025,P002,1789,1604,82,138,163,C
PRD0371,20-05-2025,P002,973,938,92,142,167,C
PRD0372,09-01-2025,P003,1780,1765,67,89,132,A
PRD0373,18-01-2025,P002,940,779,29,99,122,A
PRD0374,08-06-2025,P003,1266,1171,7,141,244,A
PRD0375,04-01-2025,P001,1344,1203,52,82,190,C
PRD0376,22-06-2025,P002,817,689,89,135,165,A
PRD0377,19-02-2025,P001,1336,1298,30,147,184,B
PRD0378,06-04-2025,P002,1614,1513,10,131,237,C
PRD0379,25-06-2025,P001,1513,1456,38,90,128,A
PRD0380,02-05-2025,P002,1188,1092,70,87,122,C
PRD0381,15-06-2025,P001,884,757,55,122,144,C
PRD0382,26-05-2025,P001,1035,981,88,140,189,A
PRD0383,25-05-2025,P001,1500,1429,69,84,165,B
PRD0384,06-02-2025,P001,1784,1731,75,130,139,B
PRD0385,10-04-2025,P001,1377,1316,72,149,204,B
PRD0386,21-01-2025,P003,943,767,92,144,208,A
PRD0387,29-03-2025,P001,1247,1188,9,130,203,A
PRD0388,06-05-2025,P003,1079,879,57,109,211,C
PRD0389,30-05-2025,P002,1242,1195,87,128,141,C
PRD0390,19-01-2025,P002,1617,1554,91,90,188,A
PRD0391,09-02-2025,P002,1528,1328,81,129,201,B
PRD0392,24-04-2025,P001,893,892,39,126,189,A
PRD0393,25-04-2025,P001,889,842,55,145,224,A
PRD0394,24-01-2025,P001,891,801,70,121,218,A
PRD0395,22-01-2025,P002,1223,1124,99,111,163,C
PRD0396,19-03-2025,P002,973,938,34,114,246,A
PRD0397,18-04-2025,P001,971,860,35,118,243,A
PRD0398,10-06-2025,P002,1057,994,92,143,170,B
PRD0399,12-04-2025,P001,938,861,0,122,217,B
PRD0400,02-06-2025,P002,1142,1032,83,97,196,B
PRD0401,03-05-2025,P003,1770,1593,25,120,165,B
PRD0402,12-06-2025,P002,1098,910,88,142,182,B
PRD0403,30-01-2025,P002,1087,987,46,105,166,C
PRD0404,23-02-2025,P003,827,641,59,136,194,C
PRD0405,08-05-2025,P001,1638,1534,86,97,197,A
PRD0406,19-04-2025,P002,1474,1435,91,128,138,B
PRD0407,17-05-2025,P003,1290,1141,51,144,227,C
PRD0408,18-05-2025,P001,1609,1517,89,90,147,A
PRD0409,15-06-2025,P003,1480,1390,21,85,222,B
PRD0410,08-03-2025,P002,908,906,12,108,250,C
PRD0411,28-05-2025,P003,1371,1223,88,108,234,B
PRD0412,31-05-2025,P002,1274,1077,86,144,158,B
PRD0413,17-04-2025,P001,1294,1268,37,90,149,C
PRD0414,27-04-2025,P001,1156,1077,43,106,243,B
PRD0415,28-06-2025,P002,899,787,92,137,201,A
PRD0416,06-01-2025,P002,845,664,14,123,147,C
PRD0417,13-05-2025,P001,1752,1563,31,102,160,B
PRD0418,14-04-2025,P003,1236,1118,29,103,167,C
PRD0419,07-06-2025,P003,1242,1141,3,105,235,C
PRD0420,24-02-2025,P002,1198,1197,90,106,191,C
PRD0421,17-02-2025,P001,1391,1365,68,126,203,A
PRD0422,06-05-2025,P002,916,849,85,147,200,C
PRD0423,30-01-2025,P002,1425,1325,75,124,210,B
PRD0424,18-03-2025,P003,976,804,90,90,154,B
PRD0425,16-02-2025,P001,1044,966,14,127,156,C
PRD0426,28-05-2025,P002,1228,1076,17,129,228,A
PRD0427,15-06-2025,P002,1450,1313,88,102,162,B
PRD0428,26-04-2025,P002,943,896,40,86,211,A
PRD0429,24-05-2025,P002,939,890,49,144,246,B
PRD0430,24-04-2025,P003,1303,1197,90,142,162,A
PRD0431,16-03-2025,P003,831,637,28,84,190,A
PRD0432,28-04-2025,P003,1095,1052,99,143,250,A
PRD0433,20-05-2025,P003,916,848,99,126,130,C
PRD0434,27-01-2025,P002,1359,1304,54,111,196,A
PRD0435,23-04-2025,P002,1069,980,11,95,180,A
PRD0436,06-06-2025,P003,1402,1226,44,134,162,C
PRD0437,16-01-2025,P001,1603,1551,26,124,191,C
PRD0438,16-03-2025,P003,972,890,90,117,188,C
PRD0439,16-04-2025,P003,1634,1610,17,87,190,C
PRD0440,07-02-2025,P001,1518,1485,31,121,183,C
PRD0441,11-06-2025,P002,1301,1265,73,114,226,B
PRD0442,24-01-2025,P002,877,715,98,131,191,C
PRD0443,29-05-2025,P002,1265,1141,41,80,143,C
PRD0444,02-04-2025,P002,1450,1280,89,88,221,A
PRD0445,10-03-2025,P002,1644,1590,63,121,192,B
PRD0446,05-05-2025,P003,1391,1358,72,123,132,A
PRD0447,05-01-2025,P001,1441,1241,58,95,160,B
PRD0448,26-06-2025,P002,800,691,25,96,197,A
PRD0449,06-03-2025,P002,895,728,46,90,215,C
PRD0450,10-06-2025,P003,969,956,50,119,179,B
PRD0451,01-01-2025,P003,893,713,12,107,242,A
PRD0452,24-06-2025,P001,1407,1350,66,136,122,A
PRD0453,27-06-2025,P003,1151,1121,54,96,242,A
PRD0454,27-01-2025,P001,1192,1170,93,93,200,B
PRD0455,04-02-2025,P002,940,843,99,98,137,C
PRD0456,12-02-2025,P003,808,652,83,136,209,C
PRD0457,16-04-2025,P001,1443,1252,19,136,175,A
PRD0458,31-05-2025,P001,943,751,15,129,209,B
PRD0459,12-03-2025,P002,1610,1575,31,90,183,C
PRD0460,14-03-2025,P003,1414,1230,77,83,197,A
PRD0461,11-04-2025,P003,1421,1291,24,117,133,A
PRD0462,08-05-2025,P002,1195,1167,30,89,123,B
PRD0463,18-04-2025,P002,935,836,72,126,164,B
PRD0464,04-01-2025,P001,817,667,8,113,175,A
PRD0465,15-03-2025,P001,1771,1670,64,144,226,B
PRD0466,18-05-2025,P003,1211,1190,81,148,159,B
PRD0467,22-02-2025,P001,1117,1097,65,99,203,B
PRD0468,24-06-2025,P003,1449,1254,83,88,199,C
PRD0469,04-03-2025,P002,1547,1486,7,91,231,A
PRD0470,21-03-2025,P002,1426,1271,7,102,150,A
PRD0471,11-02-2025,P003,940,761,1,143,208,C
PRD0472,12-02-2025,P003,1601,1417,33,127,152,C
PRD0473,08-01-2025,P002,1550,1520,98,122,229,B
PRD0474,28-05-2025,P003,865,798,91,89,247,B
PRD0475,26-05-2025,P003,1168,1154,63,101,214,A
PRD0476,22-06-2025,P002,1591,1565,73,94,178,C
PRD0477,04-03-2025,P003,802,791,1,85,240,B
PRD0478,10-01-2025,P002,1742,1704,22,150,227,A
PRD0479,23-03-2025,P002,1054,948,92,114,139,C
PRD0480,14-01-2025,P002,922,794,86,102,177,C
PRD0481,30-04-2025,P001,1776,1674,8,116,199,B
PRD0482,05-04-2025,P001,1366,1250,1,105,194,C
PRD0483,29-04-2025,P002,1557,1398,31,127,246,A
PRD0484,04-03-2025,P003,1722,1583,97,99,121,B
PRD0485,12-06-2025,P001,1038,900,44,81,205,A
PRD0486,20-03-2025,P003,1185,997,93,93,172,C
PRD0487,06-02-2025,P001,1229,1104,7,115,143,A
PRD0488,29-06-2025,P001,1718,1585,52,127,237,C
PRD0489,04-02-2025,P001,1394,1370,64,130,139,C
PRD0490,03-02-2025,P003,863,752,84,110,194,B
PRD0491,25-03-2025,P002,1748,1648,89,120,235,B
PRD0492,30-05-2025,P001,876,825,17,93,159,A
PRD0493,15-04-2025,P001,1260,1141,40,95,211,A
PRD0494,31-01-2025,P002,1115,997,33,91,160,C
PRD0495,04-06-2025,P002,1646,1466,89,85,175,B
PRD0496,02-04-2025,P001,893,711,31,130,132,C
PRD0497,14-04-2025,P002,1066,1022,3,137,183,A
PRD0498,04-01-2025,P002,904,869,15,87,176,A
PRD0499,25-06-2025,P001,1643,1541,47,90,186,A
PRD0500,24-04-2025,P001,866,816,82,96,143,B
PRD0501,13-02-2025,P001,843,725,6,135,221,B
PRD0502,14-02-2025,P001,1191,1017,54,125,174,A
PRD0503,09-01-2025,P002,1086,972,19,111,195,B
PRD0504,16-01-2025,P002,1703,1563,61,91,191,B
PRD0505,15-05-2025,P001,1229,1178,82,111,124,B
PRD0506,05-05-2025,P003,1167,1045,69,124,248,B
PRD0507,23-03-2025,P002,1076,1030,3,108,127,B
PRD0508,02-04-2025,P001,1628,1508,67,109,160,A
PRD0509,17-05-2025,P001,1472,1411,34,87,176,C
PRD0510,02-03-2025,P002,1163,1119,22,120,211,C
PRD0511,26-05-2025,P001,1520,1341,45,98,168,B
PRD0512,10-01-2025,P003,1116,1072,62,91,134,A
PRD0513,03-05-2025,P003,1024,1019,67,80,204,C
PRD0514,15-02-2025,P001,1625,1592,43,121,135,A
PRD0515,29-01-2025,P001,1400,1220,18,147,213,A
PRD0516,31-05-2025,P002,1521,1352,50,92,206,B
PRD0517,22-04-2025,P002,939,899,93,142,201,A
PRD0518,07-06-2025,P003,1791,1648,88,125,177,C
PRD0519,20-03-2025,P003,1634,1590,48,117,152,A
PRD0520,11-04-2025,P003,801,622,73,84,166,C
PRD0521,13-06-2025,P002,1743,1587,28,93,247,A
PRD0522,30-03-2025,P002,1563,1544,30,120,162,C
PRD0523,13-06-2025,P001,1641,1460,85,122,234,A
PRD0524,18-01-2025,P002,1014,951,88,124,185,A
PRD0525,23-04-2025,P003,801,789,49,133,162,B
PRD0526,20-05-2025,P002,1702,1606,44,128,145,B
PRD0527,27-02-2025,P003,1466,1272,87,100,235,A
PRD0528,08-03-2025,P001,1101,1096,40,93,138,B
PRD0529,20-01-2025,P001,1709,1613,20,150,143,B
PRD0530,08-01-2025,P003,1428,1305,90,135,162,C
PRD0531,26-03-2025,P002,960,947,12,106,168,B
PRD0532,19-05-2025,P003,1367,1183,93,113,192,B
PRD0533,27-05-2025,P001,898,886,50,150,245,A
PRD0534,23-01-2025,P001,1169,1169,54,117,242,A
PRD0535,13-06-2025,P001,826,774,21,117,140,B
PRD0536,01-05-2025,P001,1115,915,50,142,187,A
PRD0537,05-04-2025,P003,1357,1258,23,128,214,A
PRD0538,30-04-2025,P002,845,778,56,113,177,B
PRD0539,28-06-2025,P003,863,825,96,92,141,C
PRD0540,31-05-2025,P002,1627,1489,52,109,135,B
PRD0541,02-05-2025,P003,1228,1091,87,110,241,B
PRD0542,09-05-2025,P001,1204,1022,4,146,157,A
PRD0543,19-02-2025,P002,977,935,27,96,130,B
PRD0544,10-06-2025,P001,1499,1388,25,98,186,B
PRD0545,10-04-2025,P003,1736,1719,11,130,203,B
PRD0546,29-06-2025,P003,1269,1266,100,146,227,A
PRD0547,31-05-2025,P002,953,916,72,92,147,C
PRD0548,30-03-2025,P001,1604,1531,68,132,187,B
PRD0549,02-05-2025,P003,1297,1151,77,84,164,B
PRD0550,24-06-2025,P002,947,789,77,131,129,B
PRD0551,02-05-2025,P002,1507,1447,6,114,215,A
PRD0552,13-03-2025,P002,1637,1560,39,142,145,A
PRD0553,24-03-2025,P001,1107,917,56,114,226,C
PRD0554,24-02-2025,P003,891,843,56,132,244,C
PRD0555,10-02-2025,P002,1640,1626,65,88,199,C
PRD0556,15-05-2025,P003,1213,1179,99,83,164,A
PRD0557,09-01-2025,P001,1657,1643,31,138,132,B
PRD0558,29-04-2025,P003,1003,933,47,144,221,C
PRD0559,06-04-2025,P001,1497,1490,30,142,234,A
PRD0560,30-03-2025,P002,1400,1259,44,100,186,C
PRD0561,09-04-2025,P003,892,820,3,86,161,C
PRD0562,27-02-2025,P001,1677,1621,82,106,188,C
PRD0563,24-06-2025,P002,1325,1320,99,81,241,A
PRD0564,27-02-2025,P003,977,824,1,112,198,C
PRD0565,07-04-2025,P003,1458,1388,54,124,237,B
PRD0566,14-05-2025,P001,1277,1200,86,130,146,A
PRD0567,15-06-2025,P003,1478,1383,71,116,196,C
PRD0568,12-03-2025,P001,1293,1277,43,121,190,B
PRD0569,18-02-2025,P003,1528,1362,38,99,181,A
PRD0570,24-06-2025,P003,1213,1044,40,97,126,C
PRD0571,14-04-2025,P002,1102,1036,53,129,129,C
PRD0572,26-02-2025,P003,1385,1337,43,148,241,C
PRD0573,18-06-2025,P002,1319,1243,21,103,195,A
PRD0574,24-05-2025,P002,931,742,33,103,205,C
PRD0575,20-03-2025,P001,1027,937,28,133,204,B
PRD0576,31-01-2025,P002,1399,1324,59,140,133,C
PRD0577,01-05-2025,P003,1394,1236,9,104,248,A
PRD0578,16-04-2025,P003,1190,1055,38,86,158,A
PRD0579,28-04-2025,P001,1150,1046,72,98,200,C
PRD0580,27-03-2025,P001,1597,1577,62,102,200,C
PRD0581,23-02-2025,P001,804,689,35,101,160,B
PRD0582,12-06-2025,P001,932,775,55,134,223,B
PRD0583,17-05-2025,P002,1192,1191,4,105,215,A
PRD0584,05-01-2025,P002,1575,1440,24,80,183,A
PRD0585,03-02-2025,P003,1698,1610,39,93,218,C
PRD0586,12-01-2025,P003,1113,1071,8,118,194,B
PRD0587,28-03-2025,P003,1332,1180,67,135,154,B
PRD0588,12-02-2025,P002,1167,975,24,131,124,A
PRD0589,06-01-2025,P001,1544,1511,27,144,163,A
PRD0590,07-04-2025,P002,1528,1362,4,112,132,C
PRD0591,06-01-2025,P001,1477,1450,83,86,149,B
PRD0592,06-03-2025,P002,1189,1158,70,140,159,A
PRD0593,19-03-2025,P003,1502,1341,1,133,145,C
PRD0594,29-06-2025,P003,1076,917,77,97,227,A
PRD0595,14-03-2025,P003,1536,1378,15,94,147,B
PRD0596,09-03-2025,P001,1423,1372,99,146,171,B
PRD0597,11-01-2025,P003,1219,1144,20,150,247,A
PRD0598,02-03-2025,P003,1755,1632,42,80,123,C
PRD0599,21-06-2025,P001,1728,1700,73,143,158,A
PRD0600,26-01-2025,P003,876,691,92,112,179,B
PRD0601,26-01-2025,P002,1070,952,6,102,130,B
PRD0602,20-04-2025,P002,1620,1447,40,94,144,A
PRD0603,15-06-2025,P001,1672,1637,84,101,204,B
PRD0604,24-01-2025,P002,1778,1619,34,127,207,A
PRD0605,11-03-2025,P001,1210,1108,58,129,242,B
PRD0606,03-02-2025,P003,1707,1665,14,87,160,A
PRD0607,26-05-2025,P002,1733,1582,61,136,166,C
PRD0608,08-01-2025,P002,1597,1506,78,96,243,B
PRD0609,12-01-2025,P001,1708,1603,56,88,186,C
PRD0610,15-05-2025,P002,812,632,86,108,206,C
PRD0611,25-01-2025,P003,1504,1325,79,135,183,B
PRD0612,09-04-2025,P002,1479,1306,82,99,133,A
PRD0613,01-05-2025,P003,1756,1716,64,143,162,A
PRD0614,13-03-2025,P002,1128,1067,42,86,249,A
PRD0615,02-03-2025,P003,1458,1362,51,90,237,B
PRD0616,25-04-2025,P003,1258,1236,63,120,150,B
PRD0617,14-04-2025,P003,1469,1465,13,132,129,C
PRD0618,08-06-2025,P003,800,777,77,118,250,C
PRD0619,29-03-2025,P001,1470,1299,58,126,133,A
PRD0620,08-06-2025,P002,1139,996,98,140,213,C
PRD0621,18-06-2025,P002,916,892,97,108,120,B
PRD0622,21-05-2025,P002,1649,1487,37,146,215,C
PRD0623,05-02-2025,P001,846,804,63,132,147,B
PRD0624,11-04-2025,P003,1000,952,15,107,237,A
PRD0625,17-04-2025,P003,1146,1119,96,85,151,B
PRD0626,04-02-2025,P002,1474,1324,64,143,121,C
PRD0627,30-05-2025,P003,849,708,55,141,250,A
PRD0628,02-02-2025,P003,1392,1348,93,93,219,C
PRD0629,09-04-2025,P003,1420,1338,64,133,183,B
PRD0630,26-04-2025,P002,1786,1699,37,97,155,B
PRD0631,18-03-2025,P003,1516,1325,65,150,200,C
PRD0632,25-02-2025,P003,1757,1616,80,105,173,C
PRD0633,22-06-2025,P003,1097,922,44,96,165,C
PRD0634,30-01-2025,P003,1510,1347,41,125,242,C
PRD0635,17-04-2025,P003,1765,1595,90,148,193,B
PRD0636,08-04-2025,P001,1335,1308,3,98,133,C
PRD0637,11-02-2025,P001,1004,936,96,116,184,A
PRD0638,22-02-2025,P001,1507,1307,37,149,128,B
PRD0639,24-05-2025,P002,904,747,86,108,219,A
PRD0640,27-06-2025,P003,1603,1425,36,86,217,B
PRD0641,22-05-2025,P002,1779,1604,40,86,123,C
PRD0642,24-04-2025,P002,1007,849,99,108,214,C
PRD0643,19-02-2025,P003,1556,1402,25,117,234,A
PRD0644,12-05-2025,P003,876,829,22,95,216,A
PRD0645,03-02-2025,P002,1085,943,33,100,185,A
PRD0646,11-01-2025,P002,1277,1096,19,99,202,C
PRD0647,19-06-2025,P001,1592,1432,78,118,245,C
PRD0648,23-03-2025,P003,1166,1148,100,147,176,A
PRD0649,17-04-2025,P003,869,740,20,149,223,A
PRD0650,26-03-2025,P002,1026,972,84,122,212,B
PRD0651,16-05-2025,P001,1773,1581,79,140,122,A
PRD0652,14-06-2025,P003,1154,1040,30,111,130,C
PRD0653,07-03-2025,P002,1190,1161,49,149,192,A
PRD0654,12-05-2025,P003,1641,1444,47,145,234,B
PRD0655,24-03-2025,P001,1103,937,24,145,141,A
PRD0656,17-05-2025,P001,1794,1597,68,80,136,A
PRD0657,25-06-2025,P003,1444,1246,27,134,146,A
PRD0658,22-04-2025,P003,1648,1469,94,89,159,A
PRD0659,23-01-2025,P002,1534,1450,4,89,133,A
PRD0660,28-02-2025,P002,1371,1353,73,113,224,B
PRD0661,22-03-2025,P002,1445,1342,55,82,219,C
PRD0662,08-06-2025,P001,1347,1346,82,88,131,C
PRD0663,16-03-2025,P001,1166,1038,13,118,142,B
PRD0664,08-01-2025,P002,1190,1089,84,140,160,C
PRD0665,20-05-2025,P001,939,748,50,117,156,B
PRD0666,06-04-2025,P003,1708,1522,82,81,156,A
PRD0667,11-04-2025,P001,805,659,76,148,141,B
PRD0668,30-03-2025,P001,1566,1377,92,107,225,C
PRD0669,26-02-2025,P003,945,904,23,112,169,A
PRD0670,21-05-2025,P001,1487,1342,6,139,138,B
PRD0671,20-02-2025,P003,868,804,12,142,204,B
PRD0672,26-01-2025,P001,1487,1320,30,116,137,A
PRD0673,07-06-2025,P002,1297,1182,42,119,159,C
PRD0674,13-02-2025,P003,1173,1093,54,80,200,A
PRD0675,22-04-2025,P001,1529,1340,82,115,212,A
PRD0676,29-04-2025,P003,1550,1466,61,137,211,B
PRD0677,15-06-2025,P002,1364,1337,22,90,191,A
PRD0678,10-06-2025,P003,1001,934,93,89,139,A
PRD0679,29-05-2025,P003,1446,1439,74,131,174,A
PRD0680,01-05-2025,P003,1066,927,69,99,213,B
PRD0681,16-03-2025,P001,1712,1515,75,97,238,C
PRD0682,09-05-2025,P003,892,791,46,81,181,C
PRD0683,05-02-2025,P003,969,776,65,137,160,A
PRD0684,07-02-2025,P003,1771,1627,84,141,211,A
PRD0685,17-01-2025,P001,1579,1455,29,113,214,A
PRD0686,03-04-2025,P001,1484,1432,66,129,240,B
PRD0687,27-01-2025,P001,840,674,41,146,190,C
PRD0688,14-02-2025,P002,1392,1253,72,128,216,B
PRD0689,06-03-2025,P003,1469,1450,66,128,177,C
PRD0690,04-05-2025,P002,1161,1073,62,80,248,A
PRD0691,12-05-2025,P002,969,911,9,115,174,A
PRD0692,31-01-2025,P001,961,869,77,109,226,B
PRD0693,03-05-2025,P003,916,793,86,141,173,C
PRD0694,04-03-2025,P001,1462,1357,2,85,152,C
PRD0695,12-05-2025,P003,964,930,80,85,157,A
PRD0696,14-04-2025,P001,1064,1018,66,82,192,A
PRD0697,04-05-2025,P001,1259,1104,60,101,176,B
PRD0698,16-02-2025,P003,946,797,98,145,187,A
PRD0699,02-06-2025,P003,1502,1415,58,88,178,B
PRD0700,21-02-2025,P002,935,908,2,146,249,C
PRD0701,25-01-2025,P002,1646,1608,77,102,241,C
PRD0702,09-05-2025,P003,839,639,68,95,143,B
PRD0703,01-01-2025,P003,933,779,69,135,227,B
PRD0704,28-02-2025,P001,1514,1379,54,141,217,B
PRD0705,28-06-2025,P003,1623,1434,97,92,228,A
PRD0706,22-01-2025,P002,1288,1092,29,116,224,B
PRD0707,02-01-2025,P001,805,624,95,146,150,C
PRD0708,26-06-2025,P001,1184,1017,26,120,224,B
PRD0709,30-05-2025,P001,958,849,83,112,186,C
PRD0710,12-03-2025,P002,1378,1285,78,130,172,B
PRD0711,15-02-2025,P003,1602,1460,61,127,243,B
PRD0712,12-04-2025,P002,1391,1303,99,97,150,C
PRD0713,11-02-2025,P001,1257,1057,89,92,174,C
PRD0714,07-06-2025,P002,1604,1518,70,86,161,B
PRD0715,01-05-2025,P003,805,782,18,135,142,A
PRD0716,05-06-2025,P002,1027,933,10,84,218,B
PRD0717,02-06-2025,P003,1471,1338,36,87,164,C
PRD0718,18-06-2025,P002,1249,1247,25,146,193,A
PRD0719,13-05-2025,P001,1602,1449,65,109,163,C
PRD0720,01-01-2025,P001,1168,1107,83,100,142,B
PRD0721,14-04-2025,P002,1161,990,50,105,123,C
PRD0722,14-03-2025,P003,870,847,70,124,208,B
PRD0723,14-04-2025,P001,1420,1371,58,80,186,A
PRD0724,19-01-2025,P002,1318,1291,71,144,195,B
PRD0725,18-05-2025,P001,1622,1491,32,112,233,B
PRD0726,28-03-2025,P003,1295,1098,31,138,237,C
PRD0727,18-01-2025,P001,1293,1264,33,128,176,C
PRD0728,01-04-2025,P003,1035,955,52,146,122,C
PRD0729,13-04-2025,P002,1054,981,11,123,139,C
PRD0730,25-02-2025,P001,1287,1207,45,114,166,C
PRD0731,21-02-2025,P003,1752,1704,63,110,181,B
PRD0732,08-06-2025,P001,1034,983,31,125,159,A
PRD0733,19-06-2025,P001,1742,1722,86,143,121,C
PRD0734,08-06-2025,P001,1668,1545,47,120,246,C
PRD0735,11-05-2025,P002,1302,1256,97,115,221,A
PRD0736,19-04-2025,P003,931,918,67,141,128,C
PRD0737,14-02-2025,P002,1203,1028,99,138,150,C
PRD0738,03-01-2025,P003,1271,1191,88,81,173,B
PRD0739,06-06-2025,P003,903,820,46,113,167,C
PRD0740,06-06-2025,P002,1042,974,60,123,213,A
PRD0741,29-06-2025,P002,1234,1181,53,127,213,B
PRD0742,03-02-2025,P002,1261,1215,73,109,145,C
PRD0743,21-04-2025,P002,1623,1563,71,128,170,A
PRD0744,15-02-2025,P003,953,832,1,133,247,A
PRD0745,22-03-2025,P003,1329,1193,92,142,196,B
PRD0746,12-04-2025,P003,1679,1534,6,92,161,A
PRD0747,11-06-2025,P001,1633,1568,60,92,235,C
PRD0748,24-05-2025,P002,1066,974,46,112,208,A
PRD0749,05-06-2025,P002,924,835,86,105,164,B
PRD0750,05-05-2025,P002,1132,960,65,137,140,B
PRD0751,07-02-2025,P003,1093,975,80,101,206,B
PRD0752,19-01-2025,P003,1427,1281,51,90,161,B
PRD0753,16-03-2025,P001,1121,1040,83,114,221,B
PRD0754,31-05-2025,P002,1599,1507,95,146,235,B
PRD0755,02-03-2025,P001,988,983,16,112,140,A
PRD0756,17-01-2025,P001,1206,1180,12,140,133,A
PRD0757,27-01-2025,P002,1336,1141,10,113,159,A
PRD0758,28-02-2025,P003,1753,1654,39,111,192,B
PRD0759,13-02-2025,P003,929,896,67,83,128,C
PRD0760,30-04-2025,P002,1681,1598,60,149,189,C
PRD0761,15-02-2025,P002,938,760,69,138,231,C
PRD0762,30-03-2025,P003,1454,1318,39,141,178,A
PRD0763,08-03-2025,P002,1115,1022,52,99,197,A
PRD0764,30-03-2025,P001,1335,1141,17,116,240,C
PRD0765,03-05-2025,P001,1504,1379,96,118,122,B
PRD0766,21-05-2025,P002,1411,1352,0,127,168,B
PRD0767,11-02-2025,P003,1247,1146,31,129,216,A
PRD0768,03-03-2025,P002,881,773,80,146,189,B
PRD0769,16-04-2025,P003,1560,1424,34,104,137,A
PRD0770,27-04-2025,P001,1096,1068,81,137,189,C
PRD0771,05-01-2025,P003,1303,1255,41,99,132,C
PRD0772,10-03-2025,P001,990,964,36,96,232,C
PRD0773,04-01-2025,P001,1038,1015,19,143,175,B
PRD0774,29-04-2025,P002,1119,992,47,84,204,A
PRD0775,11-04-2025,P001,857,789,99,89,240,A
PRD0776,04-01-2025,P001,1717,1653,48,95,183,B
PRD0777,20-02-2025,P002,1053,865,4,138,144,C
PRD0778,24-06-2025,P003,1013,892,49,119,202,A
PRD0779,21-05-2025,P003,1545,1535,95,146,151,B
PRD0780,03-04-2025,P002,1453,1377,25,86,175,A
PRD0781,04-01-2025,P001,1448,1337,41,101,190,C
PRD0782,11-01-2025,P001,1205,1143,1,140,159,B
PRD0783,24-01-2025,P001,1054,1014,63,123,135,A
PRD0784,18-05-2025,P002,1460,1421,89,93,152,B
PRD0785,15-06-2025,P001,1124,982,100,124,232,C
PRD0786,02-04-2025,P001,821,645,48,97,184,A
PRD0787,17-03-2025,P002,1523,1411,71,149,245,A
PRD0788,24-03-2025,P003,991,852,44,139,190,C
PRD0789,09-02-2025,P003,964,947,67,137,195,B
PRD0790,13-06-2025,P003,1175,1059,0,144,217,C
PRD0791,04-04-2025,P001,1704,1700,79,110,202,C
PRD0792,18-02-2025,P001,1474,1337,49,147,247,C
PRD0793,15-04-2025,P001,1427,1355,41,121,148,A
PRD0794,03-02-2025,P003,1474,1457,5,102,128,A
PRD0795,09-01-2025,P001,1297,1248,12,129,245,C
PRD0796,13-01-2025,P003,1518,1367,32,126,176,C
PRD0797,17-06-2025,P003,872,869,26,142,140,B
PRD0798,17-04-2025,P003,862,770,71,127,134,C
PRD0799,19-01-2025,P002,1341,1331,93,118,139,A
PRD0800,01-03-2025,P003,899,874,92,148,218,A
PRD0801,26-05-2025,P001,1338,1170,31,102,226,C
PRD0802,02-04-2025,P001,1584,1421,73,138,229,A
PRD0803,13-04-2025,P001,1611,1565,70,144,206,C
PRD0804,01-04-2025,P001,1346,1193,56,120,203,B
PRD0805,24-03-2025,P002,1582,1420,55,110,174,B
PRD0806,03-04-2025,P003,1748,1558,32,137,234,B
PRD0807,02-06-2025,P001,1543,1535,36,82,154,B
PRD0808,22-03-2025,P001,1107,1051,27,82,190,C
PRD0809,09-02-2025,P003,1369,1223,73,92,129,B
PRD0810,04-04-2025,P002,959,924,33,111,179,B
PRD0811,26-05-2025,P002,894,748,51,107,139,C
PRD0812,05-05-2025,P002,1611,1488,22,92,196,A
PRD0813,21-01-2025,P003,1627,1480,48,87,205,B
PRD0814,28-02-2025,P002,1226,1196,98,81,217,A
PRD0815,19-05-2025,P002,1336,1326,40,99,203,C
PRD0816,22-06-2025,P003,1026,987,6,130,234,C
PRD0817,21-04-2025,P003,1316,1293,28,117,220,A
PRD0818,27-05-2025,P001,1144,1123,60,86,222,B
PRD0819,28-06-2025,P001,1208,1080,55,96,154,B
PRD0820,16-06-2025,P003,1002,878,50,105,183,A
PRD0821,24-03-2025,P001,1072,874,55,91,148,C
PRD0822,18-02-2025,P002,1233,1140,44,121,208,C
PRD0823,13-02-2025,P003,824,627,39,124,233,C
PRD0824,21-02-2025,P001,1251,1240,29,127,159,C
PRD0825,04-03-2025,P001,915,726,6,98,193,A
PRD0826,26-04-2025,P002,1510,1482,39,140,125,B
PRD0827,22-02-2025,P001,1557,1420,27,149,186,C
PRD0828,27-06-2025,P002,1437,1251,18,82,216,C
PRD0829,13-02-2025,P003,1339,1328,32,87,192,A
PRD0830,30-04-2025,P003,1432,1363,6,81,137,B
PRD0831,03-04-2025,P003,1077,908,84,93,124,B
PRD0832,11-05-2025,P003,1195,1136,48,92,200,B
PRD0833,20-02-2025,P003,1344,1322,23,144,237,C
PRD0834,16-05-2025,P003,822,812,31,119,205,B
PRD0835,30-03-2025,P002,1562,1522,2,125,210,C
PRD0836,16-01-2025,P002,1041,913,35,112,219,A
PRD0837,08-02-2025,P003,1771,1700,28,123,220,C
PRD0838,14-05-2025,P001,889,703,48,109,226,A
PRD0839,04-06-2025,P003,956,847,39,122,234,C
PRD0840,29-05-2025,P001,1011,844,17,149,171,A
PRD0841,04-02-2025,P002,1505,1325,67,135,157,C
PRD0842,18-01-2025,P003,1739,1699,40,148,150,A
PRD0843,08-01-2025,P002,1659,1622,93,120,225,B
PRD0844,12-03-2025,P002,1253,1063,81,99,168,A
PRD0845,06-06-2025,P001,989,983,97,114,179,C
PRD0846,02-04-2025,P001,1036,861,3,90,242,A
PRD0847,16-06-2025,P003,1666,1512,60,127,167,B
PRD0848,19-02-2025,P002,1285,1250,20,108,128,B
PRD0849,26-02-2025,P001,1747,1678,52,105,172,A
PRD0850,06-05-2025,P001,1749,1637,78,121,237,A
PRD0851,05-06-2025,P002,1214,1016,5,128,200,B
PRD0852,02-06-2025,P003,1761,1571,73,148,129,C
PRD0853,04-03-2025,P001,1262,1146,5,146,221,C
PRD0854,11-06-2025,P001,1371,1272,66,86,168,B
PRD0855,15-03-2025,P002,1207,1130,99,139,162,B
PRD0856,13-05-2025,P002,1427,1414,88,98,238,C
PRD0857,29-01-2025,P002,892,708,64,103,154,B
PRD0858,15-02-2025,P002,1131,1016,3,138,171,B
PRD0859,16-06-2025,P001,1056,974,88,100,151,A
PRD0860,03-04-2025,P001,1523,1408,81,90,218,C
PRD0861,21-05-2025,P003,1426,1386,48,128,131,A
PRD0862,11-02-2025,P002,1379,1211,19,98,165,C
PRD0863,25-04-2025,P001,1229,1151,39,116,166,A
PRD0864,09-06-2025,P001,1783,1732,0,112,123,B
PRD0865,02-01-2025,P002,1675,1548,69,143,180,A
PRD0866,15-04-2025,P003,1475,1354,58,136,140,C
PRD0867,13-03-2025,P003,806,744,70,106,132,A
PRD0868,10-01-2025,P001,856,689,44,98,128,C
PRD0869,26-03-2025,P003,1658,1504,38,91,132,A
PRD0870,14-03-2025,P002,982,941,86,102,236,C
PRD0871,18-03-2025,P003,1168,1159,11,121,214,B
PRD0872,17-01-2025,P001,1576,1467,70,117,240,A
PRD0873,15-05-2025,P001,1511,1441,42,132,173,C
PRD0874,27-05-2025,P001,1426,1412,13,147,142,B
PRD0875,15-03-2025,P003,1505,1351,100,134,201,B
PRD0876,03-02-2025,P003,1388,1229,45,143,247,B
PRD0877,16-03-2025,P001,1704,1548,29,104,120,A
PRD0878,23-02-2025,P001,1276,1116,15,133,225,A
PRD0879,24-02-2025,P002,1158,1015,81,81,171,C
PRD0880,18-03-2025,P002,1060,1043,39,144,202,A
PRD0881,12-04-2025,P001,1502,1417,43,83,164,A
PRD0882,03-05-2025,P002,1653,1567,86,140,129,C
PRD0883,28-04-2025,P001,1293,1254,80,148,205,B
PRD0884,14-05-2025,P002,1750,1560,7,118,200,C
PRD0885,25-06-2025,P003,819,766,73,122,210,A
PRD0886,07-04-2025,P001,1087,1080,43,148,162,C
PRD0887,30-01-2025,P003,1198,1151,76,119,200,C
PRD0888,08-05-2025,P001,1078,973,11,110,215,B
PRD0889,14-02-2025,P002,1021,887,38,94,215,A
PRD0890,10-05-2025,P001,1735,1712,56,83,243,C
PRD0891,15-05-2025,P001,994,907,61,119,203,A
PRD0892,03-02-2025,P001,1641,1509,86,106,129,B
PRD0893,02-01-2025,P002,1530,1397,14,119,131,C
PRD0894,30-04-2025,P003,1692,1670,42,85,146,C
PRD0895,28-05-2025,P003,1563,1484,2,119,173,B
PRD0896,17-05-2025,P001,997,924,35,120,232,C
PRD0897,12-03-2025,P001,1079,1041,20,94,123,C
PRD0898,19-05-2025,P003,1326,1300,26,124,201,B
PRD0899,27-05-2025,P001,1765,1585,36,111,163,A
PRD0900,24-04-2025,P002,1427,1341,69,86,153,A
PRD0901,28-01-2025,P002,1724,1552,6,129,133,A
PRD0902,02-06-2025,P002,1201,1156,90,137,211,B
PRD0903,21-06-2025,P002,1637,1587,91,148,140,B
PRD0904,30-04-2025,P003,934,911,89,92,236,B
PRD0905,30-04-2025,P003,1459,1278,98,140,179,A
PRD0906,04-04-2025,P001,1681,1524,33,130,166,C
PRD0907,05-05-2025,P003,1138,1055,58,83,136,B
PRD0908,13-02-2025,P001,1159,1037,59,116,209,C
PRD0909,14-04-2025,P003,930,800,13,93,203,C
PRD0910,29-04-2025,P003,872,795,68,131,225,A
PRD0911,04-05-2025,P003,1049,909,20,129,136,B
PRD0912,21-04-2025,P001,1633,1456,75,135,207,C
PRD0913,21-06-2025,P003,1041,997,84,89,244,A
PRD0914,23-05-2025,P003,1410,1292,41,92,233,A
PRD0915,03-06-2025,P002,1778,1675,8,93,217,B
PRD0916,24-01-2025,P002,1460,1291,7,107,155,C
PRD0917,07-02-2025,P003,1629,1629,96,99,235,C
PRD0918,25-04-2025,P002,1199,1042,73,105,172,C
PRD0919,19-03-2025,P002,1106,961,86,135,208,A
PRD0920,14-04-2025,P003,808,652,65,96,195,A
PRD0921,01-01-2025,P002,1722,1582,6,125,148,B
PRD0922,01-06-2025,P001,1040,930,89,130,201,C
PRD0923,20-05-2025,P002,1215,1118,55,107,164,B
PRD0924,03-04-2025,P001,992,850,49,133,159,B
PRD0925,19-01-2025,P003,928,894,1,82,156,C
PRD0926,22-01-2025,P002,1473,1362,17,97,226,B
PRD0927,16-02-2025,P003,1418,1310,79,138,250,B
PRD0928,01-04-2025,P003,1639,1524,49,108,167,B
PRD0929,02-03-2025,P003,807,660,63,144,188,B
PRD0930,10-01-2025,P003,1390,1297,4,141,214,A
PRD0931,06-02-2025,P003,1293,1117,10,147,191,B
PRD0932,23-01-2025,P003,880,747,78,111,240,C
PRD0933,25-06-2025,P003,1479,1308,9,149,199,C
PRD0934,03-01-2025,P001,1725,1638,68,140,236,C
PRD0935,18-04-2025,P002,1387,1200,42,125,195,B
PRD0936,19-03-2025,P001,836,659,76,113,135,C
PRD0937,14-01-2025,P002,1392,1349,73,117,126,B
PRD0938,20-01-2025,P002,884,852,64,115,184,A
PRD0939,04-01-2025,P003,1087,1017,32,94,164,C
PRD0940,05-04-2025,P003,954,786,57,102,186,C
PRD0941,09-01-2025,P001,1296,1250,67,123,141,A
PRD0942,16-04-2025,P003,1756,1717,63,129,180,C
PRD0943,23-02-2025,P002,1543,1380,21,124,133,C
PRD0944,12-02-2025,P002,1573,1544,6,139,222,B
PRD0945,17-05-2025,P002,1287,1096,96,109,217,C
PRD0946,07-02-2025,P003,1199,1078,33,147,231,A
PRD0947,23-06-2025,P002,1749,1635,48,120,130,A
PRD0948,06-06-2025,P003,1452,1362,55,114,205,B
PRD0949,17-06-2025,P002,1621,1596,32,130,238,C
PRD0950,31-05-2025,P003,1047,860,86,104,206,C
PRD0951,03-01-2025,P003,984,904,70,81,137,A
PRD0952,25-06-2025,P002,900,766,13,137,209,A
PRD0953,09-01-2025,P003,1090,1026,24,83,143,A
PRD0954,13-06-2025,P003,1472,1417,76,95,150,A
PRD0955,15-06-2025,P003,933,837,84,103,148,C
PRD0956,19-06-2025,P001,1059,984,59,89,236,B
PRD0957,24-03-2025,P002,1508,1338,98,112,161,A
PRD0958,10-04-2025,P002,1595,1580,48,122,135,B
PRD0959,06-05-2025,P002,982,870,8,105,220,A
PRD0960,19-05-2025,P003,1303,1276,18,135,175,C
PRD0961,08-03-2025,P003,908,795,91,93,128,A
PRD0962,25-04-2025,P001,1385,1199,32,82,247,A
PRD0963,20-06-2025,P003,1455,1455,4,129,188,A
PRD0964,01-01-2025,P003,1137,1037,73,145,245,B
PRD0965,18-01-2025,P002,1213,1027,99,149,177,A
PRD0966,04-05-2025,P002,1777,1601,99,95,211,B
PRD0967,11-06-2025,P003,1110,1008,7,91,213,C
PRD0968,16-03-2025,P002,882,765,97,105,165,C
PRD0969,18-02-2025,P001,1790,1692,84,118,219,A
PRD0970,22-01-2025,P003,1505,1414,62,136,168,A
PRD0971,01-06-2025,P001,997,991,92,110,245,B
PRD0972,20-03-2025,P001,1611,1473,82,143,235,A
PRD0973,11-01-2025,P001,1147,1133,43,131,150,A
PRD0974,23-06-2025,P003,1483,1350,58,148,158,C
PRD0975,06-02-2025,P003,1038,1020,4,142,124,B
PRD0976,16-06-2025,P003,846,784,89,96,123,A
PRD0977,27-04-2025,P003,851,773,12,101,136,A
PRD0978,26-02-2025,P001,1309,1157,78,88,171,B
PRD0979,13-04-2025,P002,1630,1442,86,121,150,C
PRD0980,24-02-2025,P003,1358,1323,41,85,164,B
PRD0981,17-04-2025,P001,923,853,18,101,214,C
PRD0982,11-01-2025,P001,1249,1187,74,97,145,C
PRD0983,05-01-2025,P003,1185,986,20,142,140,A
PRD0984,16-06-2025,P001,983,961,90,116,226,C
PRD0985,06-02-2025,P002,1508,1476,26,114,235,B
PRD0986,27-06-2025,P001,1760,1716,78,84,166,C
PRD0987,19-03-2025,P002,1426,1404,80,124,227,A
PRD0988,16-05-2025,P003,1041,992,15,92,212,C
PRD0989,10-06-2025,P003,1024,906,98,106,190,A
PRD0990,02-05-2025,P001,915,877,87,143,165,A
PRD0991,15-06-2025,P003,1744,1733,6,126,192,A
PRD0992,27-04-2025,P002,1057,972,78,85,146,C
PRD0993,10-02-2025,P001,1747,1610,22,83,244,C
PRD0994,24-04-2025,P001,872,812,92,121,227,A
PRD0995,29-01-2025,P003,1493,1410,29,121,178,A
PRD0996,07-04-2025,P001,1555,1450,25,108,138,B
PRD0997,07-02-2025,P003,1296,1283,55,107,236,A
PRD0998,19-02-2025,P002,1182,1148,58,125,189,A
PRD0999,26-05-2025,P002,930,922,88,87,191,A
PRD1000,18-04-2025,P001,1672,1553,58,101,207,A
